model,outer_fold,transcript_id,source_id,checkpoint,last_utterance_id,label,prob_low,cumulative_text_evidence,cumulative_action_evidence,raw_prob_low,prob_high,prediction,temperature
m2_oneway,0,14,892e4e1ab6068fc4434d0054ab76e2c3c0d9bf73fcc5cd615db68815b3134102,t3,4,high,0.03948040828,0,0,0.1197315045,0.9605195917,high,0.6250568845
m2_oneway,0,14,892e4e1ab6068fc4434d0054ab76e2c3c0d9bf73fcc5cd615db68815b3134102,t5,8,high,0.05162510087,0,0,0.1395083744,0.9483748991,high,0.6250568845
m2_oneway,0,14,892e4e1ab6068fc4434d0054ab76e2c3c0d9bf73fcc5cd615db68815b3134102,t10,18,high,0.1075812514,0,0,0.2104149491,0.8924187486,high,0.6250568845
m2_oneway,0,14,892e4e1ab6068fc4434d0054ab76e2c3c0d9bf73fcc5cd615db68815b3134102,t20,38,high,0.05472813663,0,0,0.1441986766,0.9452718634,high,0.6250568845
m2_oneway,0,14,892e4e1ab6068fc4434d0054ab76e2c3c0d9bf73fcc5cd615db68815b3134102,full,48,high,0.1050654657,0,0,0.2076784745,0.8949345343,high,0.6250568845
m2_oneway,0,17,4e9629cc0367f8dbaf9608d5600aa795a09c3ebbe94051365be8cd7611f13d26,t3,4,low,0.5885656832,0,0,0.5557163596,0.4114343168,low,0.6250568845
m2_oneway,0,17,4e9629cc0367f8dbaf9608d5600aa795a09c3ebbe94051365be8cd7611f13d26,t5,8,low,0.3464289139,0,0,0.4020887136,0.6535710861,high,0.6250568845
m2_oneway,0,17,4e9629cc0367f8dbaf9608d5600aa795a09c3ebbe94051365be8cd7611f13d26,t10,18,low,0.9145400212,0,0,0.8148168445,0.08545997884,low,0.6250568845
m2_oneway,0,17,4e9629cc0367f8dbaf9608d5600aa795a09c3ebbe94051365be8cd7611f13d26,full,28,low,0.6124588237,0,0,0.571032089,0.3875411763,low,0.6250568845
m2_oneway,0,21,c1b71ca5fcfb63cd845ec42d43753eca41cf5c90313140ea6e9695c2c654df6d,t3,4,high,0.3744150336,0,0,0.4204672426,0.6255849664,high,0.6250568845
m2_oneway,0,21,c1b71ca5fcfb63cd845ec42d43753eca41cf5c90313140ea6e9695c2c654df6d,t5,8,high,0.4384266625,0,0,0.4613938153,0.5615733375,high,0.6250568845
m2_oneway,0,21,c1b71ca5fcfb63cd845ec42d43753eca41cf5c90313140ea6e9695c2c654df6d,t10,18,high,0.2332224622,0,0,0.3221420467,0.7667775378,high,0.6250568845
m2_oneway,0,21,c1b71ca5fcfb63cd845ec42d43753eca41cf5c90313140ea6e9695c2c654df6d,t20,38,high,0.08511454126,0,0,0.1847658984,0.9148854587,high,0.6250568845
m2_oneway,0,21,c1b71ca5fcfb63cd845ec42d43753eca41cf5c90313140ea6e9695c2c654df6d,full,246,high,0.2443550149,0,0,0.3305590451,0.7556449851,high,0.6250568845
m2_oneway,0,27,e883cab14c33a28c3bf1e25281ef335a7bcd08f31fb3e2cea1e824982af00196,t3,4,low,0.657573046,0,0,0.6005717695,0.342426954,low,0.6250568845
m2_oneway,0,27,e883cab14c33a28c3bf1e25281ef335a7bcd08f31fb3e2cea1e824982af00196,t5,8,low,0.8888664688,0,0,0.785772264,0.1111335312,low,0.6250568845
m2_oneway,0,27,e883cab14c33a28c3bf1e25281ef335a7bcd08f31fb3e2cea1e824982af00196,t10,18,low,0.9259200029,0,0,0.8290160894,0.07407999706,low,0.6250568845
m2_oneway,0,27,e883cab14c33a28c3bf1e25281ef335a7bcd08f31fb3e2cea1e824982af00196,full,22,low,0.7299062693,0,0,0.6505365431,0.2700937307,low,0.6250568845
m2_oneway,0,46,2815019765d0a2b0cd8db67fb79e15ec0c4893de14483f3e6156ddacadb10f7a,t3,4,high,0.6787457692,0,0,0.6148039937,0.3212542308,low,0.6250568845
m2_oneway,0,46,2815019765d0a2b0cd8db67fb79e15ec0c4893de14483f3e6156ddacadb10f7a,t5,8,high,0.7631979793,0,0,0.6751342893,0.2368020207,low,0.6250568845
m2_oneway,0,46,2815019765d0a2b0cd8db67fb79e15ec0c4893de14483f3e6156ddacadb10f7a,t10,18,high,0.03856107726,0,0,0.1181256995,0.9614389227,high,0.6250568845
m2_oneway,0,46,2815019765d0a2b0cd8db67fb79e15ec0c4893de14483f3e6156ddacadb10f7a,t20,38,high,0.6041609957,0,0,0.5656917453,0.3958390043,low,0.6250568845
m2_oneway,0,46,2815019765d0a2b0cd8db67fb79e15ec0c4893de14483f3e6156ddacadb10f7a,full,58,high,0.5005524989,0,0,0.5003453434,0.4994475011,low,0.6250568845
m2_oneway,0,53,646074c09ce77345f3d6434db5b2b976626086f4a3ba9020dc6fa992fa6887ac,t3,4,low,0.515345207,0,0,0.5095934629,0.484654793,low,0.6250568845
m2_oneway,0,53,646074c09ce77345f3d6434db5b2b976626086f4a3ba9020dc6fa992fa6887ac,t5,8,low,0.5615187961,0,0,0.538571775,0.4384812039,low,0.6250568845
m2_oneway,0,53,646074c09ce77345f3d6434db5b2b976626086f4a3ba9020dc6fa992fa6887ac,t10,18,low,0.5678544833,0,0,0.5425728679,0.4321455167,low,0.6250568845
m2_oneway,0,53,646074c09ce77345f3d6434db5b2b976626086f4a3ba9020dc6fa992fa6887ac,t20,38,low,0.1390976398,0,0,0.2424384743,0.8609023602,high,0.6250568845
m2_oneway,0,53,646074c09ce77345f3d6434db5b2b976626086f4a3ba9020dc6fa992fa6887ac,full,106,low,0.1064469493,0,0,0.2091849416,0.8935530507,high,0.6250568845
m2_oneway,0,55,1b9abf33ba8b2badfab01f2ee1f7aa958800a9808d579c0ec4e6bc41eb27f449,t3,4,high,0.8376417997,0,0,0.7360589266,0.1623582003,low,0.6250568845
m2_oneway,0,55,1b9abf33ba8b2badfab01f2ee1f7aa958800a9808d579c0ec4e6bc41eb27f449,t5,8,high,0.8509591401,0,0,0.7481818497,0.1490408599,low,0.6250568845
m2_oneway,0,55,1b9abf33ba8b2badfab01f2ee1f7aa958800a9808d579c0ec4e6bc41eb27f449,t10,18,high,0.1297789873,0,0,0.2333609506,0.8702210127,high,0.6250568845
m2_oneway,0,55,1b9abf33ba8b2badfab01f2ee1f7aa958800a9808d579c0ec4e6bc41eb27f449,t20,38,high,0.2163544419,0,0,0.309069626,0.7836455581,high,0.6250568845
m2_oneway,0,55,1b9abf33ba8b2badfab01f2ee1f7aa958800a9808d579c0ec4e6bc41eb27f449,full,64,high,0.2442702212,0,0,0.3304955214,0.7557297788,high,0.6250568845
m2_oneway,0,65,884e0cb0d19baa05ae86bae59b5351a82ddcdb9a7af044867db66a819a131389,t3,5,high,0.4084865767,0,0,0.4424038291,0.5915134233,high,0.6250568845
m2_oneway,0,65,884e0cb0d19baa05ae86bae59b5351a82ddcdb9a7af044867db66a819a131389,t5,9,high,0.03679533105,0,0,0.1149908859,0.9632046689,high,0.6250568845
m2_oneway,0,65,884e0cb0d19baa05ae86bae59b5351a82ddcdb9a7af044867db66a819a131389,t10,19,high,0.09255808729,0,0,0.193585974,0.9074419127,high,0.6250568845
m2_oneway,0,65,884e0cb0d19baa05ae86bae59b5351a82ddcdb9a7af044867db66a819a131389,full,33,high,0.1135802247,0,0,0.2168204077,0.8864197753,high,0.6250568845
m2_oneway,0,67,38b5c44ace8c39b31954af0c9b3057abad24dd37ec441de169f055949fb91ed3,t3,4,high,0.6767355399,0,0,0.6134406626,0.3232644601,low,0.6250568845
m2_oneway,0,67,38b5c44ace8c39b31954af0c9b3057abad24dd37ec441de169f055949fb91ed3,t5,8,high,0.7173792623,0,0,0.6415826082,0.2826207377,low,0.6250568845
m2_oneway,0,67,38b5c44ace8c39b31954af0c9b3057abad24dd37ec441de169f055949fb91ed3,t10,18,high,0.9293273993,0,0,0.8334667087,0.07067260066,low,0.6250568845
m2_oneway,0,67,38b5c44ace8c39b31954af0c9b3057abad24dd37ec441de169f055949fb91ed3,t20,38,high,0.5586998942,0,0,0.5367941141,0.4413001058,low,0.6250568845
m2_oneway,0,67,38b5c44ace8c39b31954af0c9b3057abad24dd37ec441de169f055949fb91ed3,full,46,high,0.3202672548,0,0,0.3845256597,0.6797327452,high,0.6250568845
m2_oneway,0,69,eff9b2507927f7894349799dbb77b0c66871e7547a4170f6e6ef409f01493d5d,t3,4,low,0.7327476125,0,0,0.6525886059,0.2672523875,low,0.6250568845
m2_oneway,0,69,eff9b2507927f7894349799dbb77b0c66871e7547a4170f6e6ef409f01493d5d,full,6,low,0.5042722185,0,0,0.5026704192,0.4957277815,low,0.6250568845
m2_oneway,0,70,eff9b2507927f7894349799dbb77b0c66871e7547a4170f6e6ef409f01493d5d,t3,4,high,0.9184707731,0,0,0.819613421,0.08152922693,low,0.6250568845
m2_oneway,0,70,eff9b2507927f7894349799dbb77b0c66871e7547a4170f6e6ef409f01493d5d,t5,8,high,0.8665391963,0,0,0.7630173087,0.1334608037,low,0.6250568845
m2_oneway,0,70,eff9b2507927f7894349799dbb77b0c66871e7547a4170f6e6ef409f01493d5d,full,10,high,0.6989167776,0,0,0.6286403954,0.3010832224,low,0.6250568845
m2_oneway,0,77,5ee3de464b1eb18f6dbc71fac32dd821ec33a6f6ea0d273324ce5d81751bbc74,t3,4,high,0.04722590154,0,0,0.132625325,0.9527740985,high,0.6250568845
m2_oneway,0,77,5ee3de464b1eb18f6dbc71fac32dd821ec33a6f6ea0d273324ce5d81751bbc74,t5,8,high,0.09487266038,0,0,0.1962591603,0.9051273396,high,0.6250568845
m2_oneway,0,77,5ee3de464b1eb18f6dbc71fac32dd821ec33a6f6ea0d273324ce5d81751bbc74,t10,18,high,0.2180934866,0,0,0.3104364306,0.7819065134,high,0.6250568845
m2_oneway,0,77,5ee3de464b1eb18f6dbc71fac32dd821ec33a6f6ea0d273324ce5d81751bbc74,t20,38,high,0.1860862819,0,0,0.2844769895,0.8139137181,high,0.6250568845
m2_oneway,0,77,5ee3de464b1eb18f6dbc71fac32dd821ec33a6f6ea0d273324ce5d81751bbc74,full,42,high,0.3258596624,0,0,0.3883154839,0.6741403376,high,0.6250568845
m2_oneway,0,79,2523640a662b9aab8fa56e40699e7726fd765a9ae7ecdc36a012e3ad8211a245,t3,5,high,0.2380424666,0,0,0.325805676,0.7619575334,high,0.6250568845
m2_oneway,0,79,2523640a662b9aab8fa56e40699e7726fd765a9ae7ecdc36a012e3ad8211a245,t5,9,high,0.04290567114,0,0,0.1255668201,0.9570943289,high,0.6250568845
m2_oneway,0,79,2523640a662b9aab8fa56e40699e7726fd765a9ae7ecdc36a012e3ad8211a245,full,9,high,0.04290567114,0,0,0.1255668201,0.9570943289,high,0.6250568845
m2_oneway,0,80,a6ba01099092faefda72e83a5ffad12164972913b573b6580138d019a5453418,t3,4,high,0.1092141055,0,0,0.2121748358,0.8907858945,high,0.6250568845
m2_oneway,0,80,a6ba01099092faefda72e83a5ffad12164972913b573b6580138d019a5453418,t5,8,high,0.1134794264,0,0,0.2167141199,0.8865205736,high,0.6250568845
m2_oneway,0,80,a6ba01099092faefda72e83a5ffad12164972913b573b6580138d019a5453418,t10,18,high,0.09210707589,0,0,0.1930613957,0.9078929241,high,0.6250568845
m2_oneway,0,80,a6ba01099092faefda72e83a5ffad12164972913b573b6580138d019a5453418,t20,38,high,0.2637175045,0,0,0.3448469833,0.7362824955,high,0.6250568845
m2_oneway,0,80,a6ba01099092faefda72e83a5ffad12164972913b573b6580138d019a5453418,full,62,high,0.0585427101,0,0,0.1497958332,0.9414572899,high,0.6250568845
m2_oneway,0,82,eac114d0fbda834121eb1da95e9dd3d4e76db9e3188fcf74d6d679a8efd3c8f1,t3,4,high,0.3073761442,0,0,0.3757081091,0.6926238558,high,0.6250568845
m2_oneway,0,82,eac114d0fbda834121eb1da95e9dd3d4e76db9e3188fcf74d6d679a8efd3c8f1,t5,8,high,0.1913003731,0,0,0.2888304129,0.8086996269,high,0.6250568845
m2_oneway,0,82,eac114d0fbda834121eb1da95e9dd3d4e76db9e3188fcf74d6d679a8efd3c8f1,t10,18,high,0.4799193951,0,0,0.487444365,0.5200806049,high,0.6250568845
m2_oneway,0,82,eac114d0fbda834121eb1da95e9dd3d4e76db9e3188fcf74d6d679a8efd3c8f1,full,36,high,0.4758754981,0,0,0.484913677,0.5241245019,high,0.6250568845
m2_oneway,0,87,c2a6706263d09c63b307df18a79bae14418b0faf3038d47b68ad4d2e853e3f99,t3,4,high,0.1755940127,0,0,0.2755500689,0.8244059873,high,0.6250568845
m2_oneway,0,87,c2a6706263d09c63b307df18a79bae14418b0faf3038d47b68ad4d2e853e3f99,t5,8,high,0.1646718673,0,0,0.2660003349,0.8353281327,high,0.6250568845
m2_oneway,0,87,c2a6706263d09c63b307df18a79bae14418b0faf3038d47b68ad4d2e853e3f99,t10,18,high,0.1030783857,0,0,0.2054950476,0.8969216143,high,0.6250568845
m2_oneway,0,87,c2a6706263d09c63b307df18a79bae14418b0faf3038d47b68ad4d2e853e3f99,full,24,high,0.09510953255,0,0,0.1965309739,0.9048904675,high,0.6250568845
m2_oneway,0,94,16ad8c075416a1640a523d8697d580ecb71be79a914d2b7439592eef75b54a0e,t3,4,high,0.1171356872,0,0,0.2205414273,0.8828643128,high,0.6250568845
m2_oneway,0,94,16ad8c075416a1640a523d8697d580ecb71be79a914d2b7439592eef75b54a0e,t5,8,high,0.2247692774,0,0,0.3156416066,0.7752307226,high,0.6250568845
m2_oneway,0,94,16ad8c075416a1640a523d8697d580ecb71be79a914d2b7439592eef75b54a0e,t10,18,high,0.0423217487,0,0,0.1245878015,0.9576782513,high,0.6250568845
m2_oneway,0,94,16ad8c075416a1640a523d8697d580ecb71be79a914d2b7439592eef75b54a0e,t20,38,high,0.06089007241,0,0,0.1531546853,0.9391099276,high,0.6250568845
m2_oneway,0,94,16ad8c075416a1640a523d8697d580ecb71be79a914d2b7439592eef75b54a0e,full,60,high,0.0636957043,0,0,0.1570898384,0.9363042957,high,0.6250568845
m2_oneway,0,101,c5c61ac6a632dc81f083aca02a5ce3ff9b90ef1e69a86f138b246bd23e7d0ea9,t3,4,high,0.5467888916,0,0,0.529297936,0.4532111084,low,0.6250568845
m2_oneway,0,101,c5c61ac6a632dc81f083aca02a5ce3ff9b90ef1e69a86f138b246bd23e7d0ea9,t5,8,high,0.3367578772,0,0,0.395644027,0.6632421228,high,0.6250568845
m2_oneway,0,101,c5c61ac6a632dc81f083aca02a5ce3ff9b90ef1e69a86f138b246bd23e7d0ea9,t10,18,high,0.3236831725,0,0,0.386842972,0.6763168275,high,0.6250568845
m2_oneway,0,101,c5c61ac6a632dc81f083aca02a5ce3ff9b90ef1e69a86f138b246bd23e7d0ea9,t20,38,high,0.4993545931,0,0,0.4995965838,0.5006454069,high,0.6250568845
m2_oneway,0,101,c5c61ac6a632dc81f083aca02a5ce3ff9b90ef1e69a86f138b246bd23e7d0ea9,full,62,high,0.3013849723,0,0,0.3715688124,0.6986150277,high,0.6250568845
m2_oneway,0,104,ce81615fdfacce198687f92d3c58747d1f210c5783fa3bb46aa95df8fb61efdc,t3,4,high,0.2112078798,0,0,0.3049973808,0.7887921202,high,0.6250568845
m2_oneway,0,104,ce81615fdfacce198687f92d3c58747d1f210c5783fa3bb46aa95df8fb61efdc,t5,8,high,0.5162666501,0,0,0.5101697683,0.4837333499,low,0.6250568845
m2_oneway,0,104,ce81615fdfacce198687f92d3c58747d1f210c5783fa3bb46aa95df8fb61efdc,t10,18,high,0.5721026958,0,0,0.5452604115,0.4278973042,low,0.6250568845
m2_oneway,0,104,ce81615fdfacce198687f92d3c58747d1f210c5783fa3bb46aa95df8fb61efdc,t20,38,high,0.04826003629,0,0,0.1342695057,0.9517399637,high,0.6250568845
m2_oneway,0,104,ce81615fdfacce198687f92d3c58747d1f210c5783fa3bb46aa95df8fb61efdc,full,54,high,0.2343916789,0,0,0.3230335444,0.7656083211,high,0.6250568845
m2_oneway,0,108,b74f3f5afc0b04fa76647aa59087b92f57a410aac28d92b9e08e36f063008fba,t3,4,high,0.1619338271,0,0,0.2635619223,0.8380661729,high,0.6250568845
m2_oneway,0,108,b74f3f5afc0b04fa76647aa59087b92f57a410aac28d92b9e08e36f063008fba,t5,8,high,0.04745637316,0,0,0.1329932036,0.9525436268,high,0.6250568845
m2_oneway,0,108,b74f3f5afc0b04fa76647aa59087b92f57a410aac28d92b9e08e36f063008fba,t10,18,high,0.06595755596,0,0,0.1602028169,0.934042444,high,0.6250568845
m2_oneway,0,108,b74f3f5afc0b04fa76647aa59087b92f57a410aac28d92b9e08e36f063008fba,t20,38,high,0.4319339651,0,0,0.4572933912,0.5680660349,high,0.6250568845
m2_oneway,0,108,b74f3f5afc0b04fa76647aa59087b92f57a410aac28d92b9e08e36f063008fba,full,56,high,0.1905554646,0,0,0.2882116765,0.8094445354,high,0.6250568845
m2_oneway,0,109,f92544f5ed508add4c093c58e76fce40d49ca14b51000a7b8770e0152039d485,t3,4,high,0.8059757093,0,0,0.7089159489,0.1940242907,low,0.6250568845
m2_oneway,0,109,f92544f5ed508add4c093c58e76fce40d49ca14b51000a7b8770e0152039d485,t5,8,high,0.1207511267,0,0,0.2242709871,0.8792488733,high,0.6250568845
m2_oneway,0,109,f92544f5ed508add4c093c58e76fce40d49ca14b51000a7b8770e0152039d485,t10,18,high,0.5455349081,0,0,0.5285100281,0.4544650919,low,0.6250568845
m2_oneway,0,109,f92544f5ed508add4c093c58e76fce40d49ca14b51000a7b8770e0152039d485,t20,38,high,0.6912719551,0,0,0.6233615994,0.3087280449,low,0.6250568845
m2_oneway,0,109,f92544f5ed508add4c093c58e76fce40d49ca14b51000a7b8770e0152039d485,full,44,high,0.6443682656,0,0,0.5918257236,0.3556317344,low,0.6250568845
m2_oneway,0,119,5e9b1bd1f06698191157fbc99f25182854ee47dcc819d045d1eee684d797587b,t3,4,high,0.01440121222,0,0,0.06651788149,0.9855987878,high,0.6250568845
m2_oneway,0,119,5e9b1bd1f06698191157fbc99f25182854ee47dcc819d045d1eee684d797587b,t5,8,high,0.1738213791,0,0,0.2740186989,0.8261786209,high,0.6250568845
m2_oneway,0,119,5e9b1bd1f06698191157fbc99f25182854ee47dcc819d045d1eee684d797587b,t10,18,high,0.01527752761,0,0,0.06888319217,0.9847224724,high,0.6250568845
m2_oneway,0,119,5e9b1bd1f06698191157fbc99f25182854ee47dcc819d045d1eee684d797587b,t20,38,high,0.06994031327,0,0,0.1655635759,0.9300596867,high,0.6250568845
m2_oneway,0,119,5e9b1bd1f06698191157fbc99f25182854ee47dcc819d045d1eee684d797587b,full,84,high,0.1370887626,0,0,0.2405061327,0.8629112374,high,0.6250568845
m2_oneway,0,121,b3b2e2bd4653e0479aa37231686157e94d03881d3e717ffb4b92970e7582dc0d,t3,4,high,0.2141244023,0,0,0.307310161,0.7858755977,high,0.6250568845
m2_oneway,0,121,b3b2e2bd4653e0479aa37231686157e94d03881d3e717ffb4b92970e7582dc0d,t5,8,high,0.1624347446,0,0,0.2640094131,0.8375652554,high,0.6250568845
m2_oneway,0,121,b3b2e2bd4653e0479aa37231686157e94d03881d3e717ffb4b92970e7582dc0d,t10,18,high,0.2106464364,0,0,0.304550615,0.7893535636,high,0.6250568845
m2_oneway,0,121,b3b2e2bd4653e0479aa37231686157e94d03881d3e717ffb4b92970e7582dc0d,t20,38,high,0.08855359574,0,0,0.1888847463,0.9114464043,high,0.6250568845
m2_oneway,0,121,b3b2e2bd4653e0479aa37231686157e94d03881d3e717ffb4b92970e7582dc0d,full,596,high,0.09442337599,0,0,0.1957427129,0.905576624,high,0.6250568845
m2_oneway,0,123,6c7e3cea7a4858b1ace2a58c01677e91a03db28f550513c277a01f23b2083836,t3,4,low,0.942062668,0,0,0.8510806858,0.05793733204,low,0.6250568845
m2_oneway,0,123,6c7e3cea7a4858b1ace2a58c01677e91a03db28f550513c277a01f23b2083836,t5,8,low,0.9225131649,0,0,0.8246625543,0.07748683513,low,0.6250568845
m2_oneway,0,123,6c7e3cea7a4858b1ace2a58c01677e91a03db28f550513c277a01f23b2083836,t10,18,low,0.9508249905,0,0,0.8642894924,0.04917500954,low,0.6250568845
m2_oneway,0,123,6c7e3cea7a4858b1ace2a58c01677e91a03db28f550513c277a01f23b2083836,full,26,low,0.8287093288,0,0,0.7281797409,0.1712906712,low,0.6250568845
m2_oneway,0,131,78d93e44688ea4c2b1b0be54e645ffaf0ab8c612ccfe0606b26306c0bdd7eb9e,t3,4,low,0.09608952958,0,0,0.1976521254,0.9039104704,high,0.6250568845
m2_oneway,0,131,78d93e44688ea4c2b1b0be54e645ffaf0ab8c612ccfe0606b26306c0bdd7eb9e,t5,8,low,0.0276607413,0,0,0.09752703197,0.9723392587,high,0.6250568845
m2_oneway,0,131,78d93e44688ea4c2b1b0be54e645ffaf0ab8c612ccfe0606b26306c0bdd7eb9e,t10,18,low,0.02940703572,0,0,0.1010493001,0.9705929643,high,0.6250568845
m2_oneway,0,131,78d93e44688ea4c2b1b0be54e645ffaf0ab8c612ccfe0606b26306c0bdd7eb9e,t20,38,low,0.4945171678,0,0,0.4965728343,0.5054828322,high,0.6250568845
m2_oneway,0,131,78d93e44688ea4c2b1b0be54e645ffaf0ab8c612ccfe0606b26306c0bdd7eb9e,full,90,low,0.1815831246,0,0,0.2806737423,0.8184168754,high,0.6250568845
m2_oneway,1,5,acef12612f4cc8a8551d6eed74f7140693018819c768baebe55af31070bb4a48,t3,4,high,0.2933180398,0,0,0.3332437456,0.7066819602,high,0.7887319712
m2_oneway,1,5,acef12612f4cc8a8551d6eed74f7140693018819c768baebe55af31070bb4a48,t5,8,high,0.2563340919,0,0,0.3015165657,0.7436659081,high,0.7887319712
m2_oneway,1,5,acef12612f4cc8a8551d6eed74f7140693018819c768baebe55af31070bb4a48,t10,18,high,0.1468439819,0,0,0.1997543305,0.8531560181,high,0.7887319712
m2_oneway,1,5,acef12612f4cc8a8551d6eed74f7140693018819c768baebe55af31070bb4a48,t20,38,high,0.1678508544,0,0,0.2205078527,0.8321491456,high,0.7887319712
m2_oneway,1,5,acef12612f4cc8a8551d6eed74f7140693018819c768baebe55af31070bb4a48,full,202,high,0.07509770662,0,0,0.1212734766,0.9249022934,high,0.7887319712
m2_oneway,1,8,242385d41a2f2e2c7cf667f3555e67d2393f27bebfb58a47237bcb1fe3ddc21f,t3,4,high,0.5384140001,0,0,0.5303209245,0.4615859999,low,0.7887319712
m2_oneway,1,8,242385d41a2f2e2c7cf667f3555e67d2393f27bebfb58a47237bcb1fe3ddc21f,t5,8,high,0.7354240704,0,0,0.6913281143,0.2645759296,low,0.7887319712
m2_oneway,1,8,242385d41a2f2e2c7cf667f3555e67d2393f27bebfb58a47237bcb1fe3ddc21f,t10,18,high,0.2933254739,0,0,0.3332500309,0.7066745261,high,0.7887319712
m2_oneway,1,8,242385d41a2f2e2c7cf667f3555e67d2393f27bebfb58a47237bcb1fe3ddc21f,full,28,high,0.2943060905,0,0,0.3340788096,0.7056939095,high,0.7887319712
m2_oneway,1,11,9063fe5a96a210ebfe12759f47a23a0522765005e854174ae1dbba306d5ab91e,t3,4,high,0.1991799,0,0,0.2502154291,0.8008201,high,0.7887319712
m2_oneway,1,11,9063fe5a96a210ebfe12759f47a23a0522765005e854174ae1dbba306d5ab91e,t5,8,high,0.1764400469,0,0,0.2287886128,0.8235599531,high,0.7887319712
m2_oneway,1,11,9063fe5a96a210ebfe12759f47a23a0522765005e854174ae1dbba306d5ab91e,full,14,high,0.500748417,0,0,0.5005903006,0.499251583,low,0.7887319712
m2_oneway,1,22,908b32eb48120ce4dbf68981ea7e019915cec0971b94eafa2f753fb312d2777a,t3,4,high,0.3357800606,0,0,0.3686438769,0.6642199394,high,0.7887319712
m2_oneway,1,22,908b32eb48120ce4dbf68981ea7e019915cec0971b94eafa2f753fb312d2777a,t5,8,high,0.141867863,0,0,0.1947229326,0.858132137,high,0.7887319712
m2_oneway,1,22,908b32eb48120ce4dbf68981ea7e019915cec0971b94eafa2f753fb312d2777a,t10,18,high,0.2678862979,0,0,0.3115313113,0.7321137021,high,0.7887319712
m2_oneway,1,22,908b32eb48120ce4dbf68981ea7e019915cec0971b94eafa2f753fb312d2777a,t20,38,high,0.09991158606,0,0,0.1501026213,0.9000884139,high,0.7887319712
m2_oneway,1,22,908b32eb48120ce4dbf68981ea7e019915cec0971b94eafa2f753fb312d2777a,full,132,high,0.1046528317,0,0,0.1553734645,0.8953471683,high,0.7887319712
m2_oneway,1,26,9063fe5a96a210ebfe12759f47a23a0522765005e854174ae1dbba306d5ab91e,t3,4,high,0.4033354221,0,0,0.4233937919,0.5966645779,high,0.7887319712
m2_oneway,1,26,9063fe5a96a210ebfe12759f47a23a0522765005e854174ae1dbba306d5ab91e,t5,8,high,0.1187739138,0,0,0.1706975341,0.8812260862,high,0.7887319712
m2_oneway,1,26,9063fe5a96a210ebfe12759f47a23a0522765005e854174ae1dbba306d5ab91e,full,12,high,0.1045622351,0,0,0.1552733742,0.8954377649,high,0.7887319712
m2_oneway,1,43,c3a7a0efb4205fb087261214ecfa7aceebcb7e8cf295163f6d694dd21fdeebe4,t3,4,high,0.0395573654,0,0,0.07475981209,0.9604426346,high,0.7887319712
m2_oneway,1,43,c3a7a0efb4205fb087261214ecfa7aceebcb7e8cf295163f6d694dd21fdeebe4,t5,8,high,0.1569135966,0,0,0.2097963274,0.8430864034,high,0.7887319712
m2_oneway,1,43,c3a7a0efb4205fb087261214ecfa7aceebcb7e8cf295163f6d694dd21fdeebe4,t10,18,high,0.07069772949,0,0,0.1159053922,0.9293022705,high,0.7887319712
m2_oneway,1,43,c3a7a0efb4205fb087261214ecfa7aceebcb7e8cf295163f6d694dd21fdeebe4,t20,39,high,0.1056111062,0,0,0.1564306997,0.8943888938,high,0.7887319712
m2_oneway,1,43,c3a7a0efb4205fb087261214ecfa7aceebcb7e8cf295163f6d694dd21fdeebe4,full,49,high,0.05516993944,0,0,0.09617540352,0.9448300606,high,0.7887319712
m2_oneway,1,44,e6803c63f300fa480953ca2fe972e030e123c7f9c1d9ed559d04ae2394d0d86b,t3,4,low,0.5106319574,0,0,0.5083862424,0.4893680426,low,0.7887319712
m2_oneway,1,44,e6803c63f300fa480953ca2fe972e030e123c7f9c1d9ed559d04ae2394d0d86b,t5,8,low,0.3910565071,0,0,0.4135501385,0.6089434929,high,0.7887319712
m2_oneway,1,44,e6803c63f300fa480953ca2fe972e030e123c7f9c1d9ed559d04ae2394d0d86b,t10,18,low,0.2506474983,0,0,0.2965482742,0.7493525017,high,0.7887319712
m2_oneway,1,44,e6803c63f300fa480953ca2fe972e030e123c7f9c1d9ed559d04ae2394d0d86b,t20,38,low,0.1817281835,0,0,0.233833319,0.8182718165,high,0.7887319712
m2_oneway,1,44,e6803c63f300fa480953ca2fe972e030e123c7f9c1d9ed559d04ae2394d0d86b,full,172,low,0.3031936519,0,0,0.3415640295,0.6968063481,high,0.7887319712
m2_oneway,1,47,f73fbbd46db1893b89699f228eb96713fbf24e13dabbda4707c125290203f537,t3,4,high,0.2256005925,0,0,0.2743306786,0.7743994075,high,0.7887319712
m2_oneway,1,47,f73fbbd46db1893b89699f228eb96713fbf24e13dabbda4707c125290203f537,t5,8,high,0.2419258301,0,0,0.2888758019,0.7580741699,high,0.7887319712
m2_oneway,1,47,f73fbbd46db1893b89699f228eb96713fbf24e13dabbda4707c125290203f537,full,14,high,0.2370024629,0,0,0.2845153347,0.7629975371,high,0.7887319712
m2_oneway,1,66,60300796ba7899fd40ecbaa91387c5ca83e5757c4513c7aae95783e2e3877244,t3,4,high,0.4196645663,0,0,0.4364289343,0.5803354337,high,0.7887319712
m2_oneway,1,66,60300796ba7899fd40ecbaa91387c5ca83e5757c4513c7aae95783e2e3877244,t5,8,high,0.1590339154,0,0,0.2118882433,0.8409660846,high,0.7887319712
m2_oneway,1,66,60300796ba7899fd40ecbaa91387c5ca83e5757c4513c7aae95783e2e3877244,t10,17,high,0.4808606921,0,0,0.4849014282,0.5191393079,high,0.7887319712
m2_oneway,1,66,60300796ba7899fd40ecbaa91387c5ca83e5757c4513c7aae95783e2e3877244,full,29,high,0.2210763136,0,0,0.2702542335,0.7789236864,high,0.7887319712
m2_oneway,1,71,acef12612f4cc8a8551d6eed74f7140693018819c768baebe55af31070bb4a48,t3,4,high,0.1191126224,0,0,0.1710587084,0.8808873776,high,0.7887319712
m2_oneway,1,71,acef12612f4cc8a8551d6eed74f7140693018819c768baebe55af31070bb4a48,t5,8,high,0.2196658804,0,0,0.268979153,0.7803341196,high,0.7887319712
m2_oneway,1,71,acef12612f4cc8a8551d6eed74f7140693018819c768baebe55af31070bb4a48,t10,18,high,0.1559722848,0,0,0.2088651747,0.8440277152,high,0.7887319712
m2_oneway,1,71,acef12612f4cc8a8551d6eed74f7140693018819c768baebe55af31070bb4a48,t20,38,high,0.2093968519,0,0,0.2596321017,0.7906031481,high,0.7887319712
m2_oneway,1,71,acef12612f4cc8a8551d6eed74f7140693018819c768baebe55af31070bb4a48,full,168,high,0.3048534794,0,0,0.3429568708,0.6951465206,high,0.7887319712
m2_oneway,1,74,c71ada431bd46bd4a6359aeae6a2a8e55c5fadaac95da2d3426bc7a470fc428d,t3,4,low,0.5082697264,0,0,0.5065228224,0.4917302736,low,0.7887319712
m2_oneway,1,74,c71ada431bd46bd4a6359aeae6a2a8e55c5fadaac95da2d3426bc7a470fc428d,t5,8,low,0.2809344096,0,0,0.3227253914,0.7190655904,high,0.7887319712
m2_oneway,1,74,c71ada431bd46bd4a6359aeae6a2a8e55c5fadaac95da2d3426bc7a470fc428d,t10,18,low,0.3472964197,0,0,0.3780940145,0.6527035803,high,0.7887319712
m2_oneway,1,74,c71ada431bd46bd4a6359aeae6a2a8e55c5fadaac95da2d3426bc7a470fc428d,full,36,low,0.221071665,0,0,0.2702500343,0.778928335,high,0.7887319712
m2_oneway,1,78,093c82fd2197f13c9cdbf2150b89b7a4fa6b1bd0b674db97725c2c7c8bd1dd88,t3,4,high,0.7115406379,0,0,0.6708714187,0.2884593621,low,0.7887319712
m2_oneway,1,78,093c82fd2197f13c9cdbf2150b89b7a4fa6b1bd0b674db97725c2c7c8bd1dd88,t5,8,high,0.3727942552,0,0,0.3988315105,0.6272057448,high,0.7887319712
m2_oneway,1,78,093c82fd2197f13c9cdbf2150b89b7a4fa6b1bd0b674db97725c2c7c8bd1dd88,t10,18,high,0.7556785909,0,0,0.7090102911,0.2443214091,low,0.7887319712
m2_oneway,1,78,093c82fd2197f13c9cdbf2150b89b7a4fa6b1bd0b674db97725c2c7c8bd1dd88,t20,38,high,0.8786623834,0,0,0.8265757084,0.1213376166,low,0.7887319712
m2_oneway,1,78,093c82fd2197f13c9cdbf2150b89b7a4fa6b1bd0b674db97725c2c7c8bd1dd88,full,74,high,0.3459364525,0,0,0.3769809663,0.6540635475,high,0.7887319712
m2_oneway,1,81,e20918bb59fb9410444abfca05301763d95a43571f7e2437b82ee48a1c85ed42,t3,2,high,0.3598830676,0,0,0.3883606434,0.6401169324,high,0.7887319712
m2_oneway,1,81,e20918bb59fb9410444abfca05301763d95a43571f7e2437b82ee48a1c85ed42,t5,6,high,0.05973451455,0,0,0.1021148235,0.9402654854,high,0.7887319712
m2_oneway,1,81,e20918bb59fb9410444abfca05301763d95a43571f7e2437b82ee48a1c85ed42,t10,16,high,0.278059086,0,0,0.3202687964,0.721940914,high,0.7887319712
m2_oneway,1,81,e20918bb59fb9410444abfca05301763d95a43571f7e2437b82ee48a1c85ed42,full,20,high,0.2976611382,0,0,0.3369099617,0.7023388618,high,0.7887319712
m2_oneway,1,84,acef12612f4cc8a8551d6eed74f7140693018819c768baebe55af31070bb4a48,t3,4,high,0.3253241962,0,0,0.3600126952,0.6746758038,high,0.7887319712
m2_oneway,1,84,acef12612f4cc8a8551d6eed74f7140693018819c768baebe55af31070bb4a48,t5,8,high,0.1500885211,0,0,0.2030098468,0.8499114789,high,0.7887319712
m2_oneway,1,84,acef12612f4cc8a8551d6eed74f7140693018819c768baebe55af31070bb4a48,t10,18,high,0.1858113051,0,0,0.2377019003,0.8141886949,high,0.7887319712
m2_oneway,1,84,acef12612f4cc8a8551d6eed74f7140693018819c768baebe55af31070bb4a48,t20,38,high,0.1026442935,0,0,0.1531487897,0.8973557065,high,0.7887319712
m2_oneway,1,84,acef12612f4cc8a8551d6eed74f7140693018819c768baebe55af31070bb4a48,full,234,high,0.1168197496,0,0,0.1686081737,0.8831802504,high,0.7887319712
m2_oneway,1,90,a771a5f4fb2138cf78114b166d2e1fa99c89b30b5a08b96d69edbffaa7be1c17,t3,4,low,0.9167543961,0,0,0.8690065026,0.0832456039,low,0.7887319712
m2_oneway,1,90,a771a5f4fb2138cf78114b166d2e1fa99c89b30b5a08b96d69edbffaa7be1c17,t5,8,low,0.7152989793,0,0,0.6740648806,0.2847010207,low,0.7887319712
m2_oneway,1,90,a771a5f4fb2138cf78114b166d2e1fa99c89b30b5a08b96d69edbffaa7be1c17,t10,18,low,0.7649965159,0,0,0.717261374,0.2350034841,low,0.7887319712
m2_oneway,1,90,a771a5f4fb2138cf78114b166d2e1fa99c89b30b5a08b96d69edbffaa7be1c17,full,24,low,0.3449697916,0,0,0.3761893511,0.6550302084,high,0.7887319712
m2_oneway,1,91,67e1884ecd04dbe20b36dae2dd478b3fa11c2dd652ae19aa1ecf63df01a54bb4,t3,4,high,0.4483629231,0,0,0.4592172623,0.5516370769,high,0.7887319712
m2_oneway,1,91,67e1884ecd04dbe20b36dae2dd478b3fa11c2dd652ae19aa1ecf63df01a54bb4,t5,8,high,0.1684855558,0,0,0.2211235821,0.8315144442,high,0.7887319712
m2_oneway,1,91,67e1884ecd04dbe20b36dae2dd478b3fa11c2dd652ae19aa1ecf63df01a54bb4,t10,18,high,0.07081839179,0,0,0.1160537943,0.9291816082,high,0.7887319712
m2_oneway,1,91,67e1884ecd04dbe20b36dae2dd478b3fa11c2dd652ae19aa1ecf63df01a54bb4,t20,38,high,0.1608755992,0,0,0.2136991411,0.8391244008,high,0.7887319712
m2_oneway,1,91,67e1884ecd04dbe20b36dae2dd478b3fa11c2dd652ae19aa1ecf63df01a54bb4,full,78,high,0.1578315162,0,0,0.2107028842,0.8421684838,high,0.7887319712
m2_oneway,1,93,4a179349154115dae8c63a1aae7fb09285d02b7da5eef74d9eaa8871309dcfa9,t3,4,high,0.332564741,0,0,0.3659950674,0.667435259,high,0.7887319712
m2_oneway,1,93,4a179349154115dae8c63a1aae7fb09285d02b7da5eef74d9eaa8871309dcfa9,t5,8,high,0.1773701111,0,0,0.2296787433,0.8226298889,high,0.7887319712
m2_oneway,1,93,4a179349154115dae8c63a1aae7fb09285d02b7da5eef74d9eaa8871309dcfa9,t10,18,high,0.1205761108,0,0,0.1726160258,0.8794238892,high,0.7887319712
m2_oneway,1,93,4a179349154115dae8c63a1aae7fb09285d02b7da5eef74d9eaa8871309dcfa9,full,24,high,0.1721427053,0,0,0.2246593982,0.8278572947,high,0.7887319712
m2_oneway,1,96,25e8b5e04642d3980ac38e4c1a2adc2fda059b625ba4b1d1523d13ecc5903774,t3,4,high,0.7191212126,0,0,0.6773220777,0.2808787874,low,0.7887319712
m2_oneway,1,96,25e8b5e04642d3980ac38e4c1a2adc2fda059b625ba4b1d1523d13ecc5903774,t5,8,high,0.2527742754,0,0,0.2984094888,0.7472257246,high,0.7887319712
m2_oneway,1,96,25e8b5e04642d3980ac38e4c1a2adc2fda059b625ba4b1d1523d13ecc5903774,t10,18,high,0.05365863332,0,0,0.0941802375,0.9463413667,high,0.7887319712
m2_oneway,1,96,25e8b5e04642d3980ac38e4c1a2adc2fda059b625ba4b1d1523d13ecc5903774,t20,38,high,0.1304140895,0,0,0.1829536334,0.8695859105,high,0.7887319712
m2_oneway,1,96,25e8b5e04642d3980ac38e4c1a2adc2fda059b625ba4b1d1523d13ecc5903774,full,90,high,0.4063644481,0,0,0.4258162916,0.5936355519,high,0.7887319712
m2_oneway,1,97,1837300a58fa97fb00235849e610a9e6fc97376558ae1b2b3a001a60fbe9de12,t3,4,high,0.3641936765,0,0,0.3918629959,0.6358063235,high,0.7887319712
m2_oneway,1,97,1837300a58fa97fb00235849e610a9e6fc97376558ae1b2b3a001a60fbe9de12,t5,8,high,0.3140802081,0,0,0.35067164,0.6859197919,high,0.7887319712
m2_oneway,1,97,1837300a58fa97fb00235849e610a9e6fc97376558ae1b2b3a001a60fbe9de12,t10,18,high,0.3384820092,0,0,0.3708661854,0.6615179908,high,0.7887319712
m2_oneway,1,97,1837300a58fa97fb00235849e610a9e6fc97376558ae1b2b3a001a60fbe9de12,t20,38,high,0.2942674228,0,0,0.3340461403,0.7057325772,high,0.7887319712
m2_oneway,1,97,1837300a58fa97fb00235849e610a9e6fc97376558ae1b2b3a001a60fbe9de12,full,106,high,0.2003010782,0,0,0.2512547702,0.7996989218,high,0.7887319712
m2_oneway,1,102,6b850256cef5c3246b062d9ccc13df2dba8549db3d4aa09074ac047358bc730c,t3,4,low,0.06849048548,0,0,0.1131784059,0.9315095145,high,0.7887319712
m2_oneway,1,102,6b850256cef5c3246b062d9ccc13df2dba8549db3d4aa09074ac047358bc730c,t5,8,low,0.1840629311,0,0,0.2360481694,0.8159370689,high,0.7887319712
m2_oneway,1,102,6b850256cef5c3246b062d9ccc13df2dba8549db3d4aa09074ac047358bc730c,t10,18,low,0.3514441557,0,0,0.3814840496,0.6485558443,high,0.7887319712
m2_oneway,1,102,6b850256cef5c3246b062d9ccc13df2dba8549db3d4aa09074ac047358bc730c,full,18,low,0.3514441557,0,0,0.3814840496,0.6485558443,high,0.7887319712
m2_oneway,1,106,448764c64bd9a5b6c7cd78e8b26ab5214ce6b2f3a7fafd6b108f3cbbe5f7e177,t3,4,low,0.752085752,0,0,0.7058492005,0.247914248,low,0.7887319712
m2_oneway,1,106,448764c64bd9a5b6c7cd78e8b26ab5214ce6b2f3a7fafd6b108f3cbbe5f7e177,t5,8,low,0.8957663355,0,0,0.845089829,0.1042336645,low,0.7887319712
m2_oneway,1,106,448764c64bd9a5b6c7cd78e8b26ab5214ce6b2f3a7fafd6b108f3cbbe5f7e177,t10,18,low,0.9298660539,0,0,0.8847889185,0.07013394606,low,0.7887319712
m2_oneway,1,106,448764c64bd9a5b6c7cd78e8b26ab5214ce6b2f3a7fafd6b108f3cbbe5f7e177,full,22,low,0.7219977598,0,0,0.6797798276,0.2780022402,low,0.7887319712
m2_oneway,1,111,c5d024bb1b7d54d9eb1b773b68d0abb69abd4c57c23dd861afa6b4daf6095fb2,t3,4,high,0.5850870856,0,0,0.5673582464,0.4149129144,low,0.7887319712
m2_oneway,1,111,c5d024bb1b7d54d9eb1b773b68d0abb69abd4c57c23dd861afa6b4daf6095fb2,t5,8,high,0.3760446994,0,0,0.4014587223,0.6239553006,high,0.7887319712
m2_oneway,1,111,c5d024bb1b7d54d9eb1b773b68d0abb69abd4c57c23dd861afa6b4daf6095fb2,t10,18,high,0.572517137,0,0,0.5573492706,0.427482863,low,0.7887319712
m2_oneway,1,111,c5d024bb1b7d54d9eb1b773b68d0abb69abd4c57c23dd861afa6b4daf6095fb2,t20,37,high,0.4650867637,0,0,0.4724458724,0.5349132363,high,0.7887319712
m2_oneway,1,111,c5d024bb1b7d54d9eb1b773b68d0abb69abd4c57c23dd861afa6b4daf6095fb2,full,57,high,0.5342797659,0,0,0.5270535827,0.4657202341,low,0.7887319712
m2_oneway,1,115,40b598298febd1caaa3494c2aa68b7d34db4adefb806470ebaa2164aa3b6e97b,t3,4,low,0.2394339793,0,0,0.2866715699,0.7605660207,high,0.7887319712
m2_oneway,1,115,40b598298febd1caaa3494c2aa68b7d34db4adefb806470ebaa2164aa3b6e97b,t5,8,low,0.1536795763,0,0,0.2065908052,0.8463204237,high,0.7887319712
m2_oneway,1,115,40b598298febd1caaa3494c2aa68b7d34db4adefb806470ebaa2164aa3b6e97b,t10,18,low,0.5214227809,0,0,0.516900742,0.4785772191,low,0.7887319712
m2_oneway,1,115,40b598298febd1caaa3494c2aa68b7d34db4adefb806470ebaa2164aa3b6e97b,t20,38,low,0.2563216899,0,0,0.3015057586,0.7436783101,high,0.7887319712
m2_oneway,1,115,40b598298febd1caaa3494c2aa68b7d34db4adefb806470ebaa2164aa3b6e97b,full,46,low,0.1915935775,0,0,0.2431422949,0.8084064225,high,0.7887319712
m2_oneway,1,116,4418b43f021add15a849c765ee0db832848b4b10e7849e6b885d73b122875f84,t3,4,high,0.1082227028,0,0,0.1592986613,0.8917772972,high,0.7887319712
m2_oneway,1,116,4418b43f021add15a849c765ee0db832848b4b10e7849e6b885d73b122875f84,t5,8,high,0.3011415562,0,0,0.3398398399,0.6988584438,high,0.7887319712
m2_oneway,1,116,4418b43f021add15a849c765ee0db832848b4b10e7849e6b885d73b122875f84,t10,18,high,0.1144448456,0,0,0.1660559371,0.8855551544,high,0.7887319712
m2_oneway,1,116,4418b43f021add15a849c765ee0db832848b4b10e7849e6b885d73b122875f84,t20,38,high,0.1658866287,0,0,0.2185983628,0.8341133713,high,0.7887319712
m2_oneway,1,116,4418b43f021add15a849c765ee0db832848b4b10e7849e6b885d73b122875f84,full,166,high,0.1449804713,0,0,0.1978756562,0.8550195287,high,0.7887319712
m2_oneway,1,118,76be45b29b02fc9e53270d845eb888e016203b2feb5f8a23c1bc226cfb6f9541,t3,4,low,0.3961400227,0,0,0.4176301807,0.6038599773,high,0.7887319712
m2_oneway,1,118,76be45b29b02fc9e53270d845eb888e016203b2feb5f8a23c1bc226cfb6f9541,t5,8,low,0.8363097736,0,0,0.7835440516,0.1636902264,low,0.7887319712
m2_oneway,1,118,76be45b29b02fc9e53270d845eb888e016203b2feb5f8a23c1bc226cfb6f9541,t10,18,low,0.6862974792,0,0,0.6496432543,0.3137025208,low,0.7887319712
m2_oneway,1,118,76be45b29b02fc9e53270d845eb888e016203b2feb5f8a23c1bc226cfb6f9541,full,20,low,0.4535851451,0,0,0.4633512601,0.5464148549,high,0.7887319712
m2_oneway,1,127,7917889ab4e78b6b53a8a9cb1ef033ff30c5f3bd8f7978290b6a1e55f3745707,t3,4,high,0.4592960535,0,0,0.4678686321,0.5407039465,high,0.7887319712
m2_oneway,1,127,7917889ab4e78b6b53a8a9cb1ef033ff30c5f3bd8f7978290b6a1e55f3745707,t5,8,high,0.4799704853,0,0,0.4841988862,0.5200295147,high,0.7887319712
m2_oneway,1,127,7917889ab4e78b6b53a8a9cb1ef033ff30c5f3bd8f7978290b6a1e55f3745707,t10,18,high,0.1738638549,0,0,0.2263164759,0.8261361451,high,0.7887319712
m2_oneway,1,127,7917889ab4e78b6b53a8a9cb1ef033ff30c5f3bd8f7978290b6a1e55f3745707,t20,38,high,0.08355368305,0,0,0.1313557655,0.916446317,high,0.7887319712
m2_oneway,1,127,7917889ab4e78b6b53a8a9cb1ef033ff30c5f3bd8f7978290b6a1e55f3745707,full,58,high,0.2465049653,0,0,0.2929121852,0.7534950347,high,0.7887319712
m2_oneway,2,2,fdf67d2c42795b9d06e986a20b48e2b2bee751e8cdf4fd17e3571edec7df7c1a,t3,4,high,0.3686707686,0,0,0.4079072475,0.6313292314,high,0.6927072476
m2_oneway,2,2,fdf67d2c42795b9d06e986a20b48e2b2bee751e8cdf4fd17e3571edec7df7c1a,t5,8,high,0.09912457521,0,0,0.178169667,0.9008754248,high,0.6927072476
m2_oneway,2,2,fdf67d2c42795b9d06e986a20b48e2b2bee751e8cdf4fd17e3571edec7df7c1a,t10,18,high,0.7969608095,0,0,0.7205542207,0.2030391905,low,0.6927072476
m2_oneway,2,2,fdf67d2c42795b9d06e986a20b48e2b2bee751e8cdf4fd17e3571edec7df7c1a,full,34,high,0.3443040058,0,0,0.3902592063,0.6556959942,high,0.6927072476
m2_oneway,2,4,191639dd25fcde7c7a679eb592d24f8b509b2039411c660a67c8a93f8157923d,t3,4,high,0.1283086834,0,0,0.2096188188,0.8716913166,high,0.6927072476
m2_oneway,2,4,191639dd25fcde7c7a679eb592d24f8b509b2039411c660a67c8a93f8157923d,t5,8,high,0.1860105089,0,0,0.2645337433,0.8139894911,high,0.6927072476
m2_oneway,2,4,191639dd25fcde7c7a679eb592d24f8b509b2039411c660a67c8a93f8157923d,t10,18,high,0.2525177918,0,0,0.3204410076,0.7474822082,high,0.6927072476
m2_oneway,2,4,191639dd25fcde7c7a679eb592d24f8b509b2039411c660a67c8a93f8157923d,t20,38,high,0.2297779125,0,0,0.3019825444,0.7702220875,high,0.6927072476
m2_oneway,2,4,191639dd25fcde7c7a679eb592d24f8b509b2039411c660a67c8a93f8157923d,full,58,high,0.2766654088,0,0,0.3394524291,0.7233345912,high,0.6927072476
m2_oneway,2,10,4726c5a5ef83880ea58dc9be0d5526992a63d81a7158a7290accb6ea90e2f24e,t3,4,low,0.4778263957,0,0,0.4846349418,0.5221736043,high,0.6927072476
m2_oneway,2,10,4726c5a5ef83880ea58dc9be0d5526992a63d81a7158a7290accb6ea90e2f24e,t5,8,low,0.4927265499,0,0,0.4949614435,0.5072734501,high,0.6927072476
m2_oneway,2,10,4726c5a5ef83880ea58dc9be0d5526992a63d81a7158a7290accb6ea90e2f24e,full,10,low,0.7665620282,0,0,0.695006001,0.2334379718,low,0.6927072476
m2_oneway,2,13,33d5eab0e55967cc9ef6294d07c71894b7c8ccead9f3b75d9c24963ff08f8a5b,t3,4,high,0.7061755555,0,0,0.6473525256,0.2938244445,low,0.6927072476
m2_oneway,2,13,33d5eab0e55967cc9ef6294d07c71894b7c8ccead9f3b75d9c24963ff08f8a5b,t5,8,high,0.9159757449,0,0,0.8395383954,0.08402425512,low,0.6927072476
m2_oneway,2,13,33d5eab0e55967cc9ef6294d07c71894b7c8ccead9f3b75d9c24963ff08f8a5b,full,12,high,0.9303504873,0,0,0.8576071739,0.06964951273,low,0.6927072476
m2_oneway,2,15,9a33ea59a66d49ff7cc5e5ae9beb979f48b38e35157bca2ebd07bf99649f623d,t3,4,low,0.7707014663,0,0,0.6984131038,0.2292985337,low,0.6927072476
m2_oneway,2,15,9a33ea59a66d49ff7cc5e5ae9beb979f48b38e35157bca2ebd07bf99649f623d,t5,8,low,0.7421297659,0,0,0.6752962828,0.2578702341,low,0.6927072476
m2_oneway,2,15,9a33ea59a66d49ff7cc5e5ae9beb979f48b38e35157bca2ebd07bf99649f623d,t10,18,low,0.8648641048,0,0,0.7834467411,0.1351358952,low,0.6927072476
m2_oneway,2,15,9a33ea59a66d49ff7cc5e5ae9beb979f48b38e35157bca2ebd07bf99649f623d,full,20,low,0.8016395138,0,0,0.7246042013,0.1983604862,low,0.6927072476
m2_oneway,2,18,b34ee56525d88d8c5edbedc83cfaa246ebf13d655186bfb0a26192ae67847925,t3,4,high,0.1360456526,0,0,0.2174668729,0.8639543474,high,0.6927072476
m2_oneway,2,18,b34ee56525d88d8c5edbedc83cfaa246ebf13d655186bfb0a26192ae67847925,t5,8,high,0.1623994408,0,0,0.2429867193,0.8376005592,high,0.6927072476
m2_oneway,2,18,b34ee56525d88d8c5edbedc83cfaa246ebf13d655186bfb0a26192ae67847925,t10,18,high,0.3098873582,0,0,0.3647947609,0.6901126418,high,0.6927072476
m2_oneway,2,18,b34ee56525d88d8c5edbedc83cfaa246ebf13d655186bfb0a26192ae67847925,t20,38,high,0.616293686,0,0,0.5813302696,0.383706314,low,0.6927072476
m2_oneway,2,18,b34ee56525d88d8c5edbedc83cfaa246ebf13d655186bfb0a26192ae67847925,full,114,high,0.5005724635,0,0,0.5003965497,0.4994275365,low,0.6927072476
m2_oneway,2,20,f9ba5bcb971128ab896d2b887228d6522719aa3c656b131cf236ce80da34d01d,t3,4,high,0.1402153458,0,0,0.2216241896,0.8597846542,high,0.6927072476
m2_oneway,2,20,f9ba5bcb971128ab896d2b887228d6522719aa3c656b131cf236ce80da34d01d,t5,8,high,0.143905538,0,0,0.2252635375,0.856094462,high,0.6927072476
m2_oneway,2,20,f9ba5bcb971128ab896d2b887228d6522719aa3c656b131cf236ce80da34d01d,t10,18,high,0.1720089759,0,0,0.2518897779,0.8279910241,high,0.6927072476
m2_oneway,2,20,f9ba5bcb971128ab896d2b887228d6522719aa3c656b131cf236ce80da34d01d,t20,38,high,0.5828392327,0,0,0.5576595485,0.4171607673,low,0.6927072476
m2_oneway,2,20,f9ba5bcb971128ab896d2b887228d6522719aa3c656b131cf236ce80da34d01d,full,46,high,0.4314702745,0,0,0.452373147,0.5685297255,high,0.6927072476
m2_oneway,2,25,ddb02d91bd18c3c662df1f33661d602d12020d6cf678bab7cb298f4055fca93b,t3,4,high,0.1075772375,0,0,0.1876150385,0.8924227625,high,0.6927072476
m2_oneway,2,25,ddb02d91bd18c3c662df1f33661d602d12020d6cf678bab7cb298f4055fca93b,t5,8,high,0.03309660095,0,0,0.08805187438,0.9669033991,high,0.6927072476
m2_oneway,2,25,ddb02d91bd18c3c662df1f33661d602d12020d6cf678bab7cb298f4055fca93b,t10,18,high,0.1339218667,0,0,0.2153303415,0.8660781333,high,0.6927072476
m2_oneway,2,25,ddb02d91bd18c3c662df1f33661d602d12020d6cf678bab7cb298f4055fca93b,full,32,high,0.1949596184,0,0,0.2724300742,0.8050403816,high,0.6927072476
m2_oneway,2,28,487d0abed001c9f2a355dcc6490f2cf7f1354bf99dbe74fb40e1739122af3c2b,t3,4,high,0.2600909373,0,0,0.3264638096,0.7399090627,high,0.6927072476
m2_oneway,2,28,487d0abed001c9f2a355dcc6490f2cf7f1354bf99dbe74fb40e1739122af3c2b,t5,8,high,0.0800854837,0,0,0.1556407839,0.9199145163,high,0.6927072476
m2_oneway,2,28,487d0abed001c9f2a355dcc6490f2cf7f1354bf99dbe74fb40e1739122af3c2b,t10,18,high,0.4833342636,0,0,0.4884532988,0.5166657364,high,0.6927072476
m2_oneway,2,28,487d0abed001c9f2a355dcc6490f2cf7f1354bf99dbe74fb40e1739122af3c2b,t20,38,high,0.5991201188,0,0,0.5691367447,0.4008798812,low,0.6927072476
m2_oneway,2,28,487d0abed001c9f2a355dcc6490f2cf7f1354bf99dbe74fb40e1739122af3c2b,full,122,high,0.3247597526,0,0,0.3758853674,0.6752402474,high,0.6927072476
m2_oneway,2,29,9459f1cceef9869f5ee5d550f4d0153a7cdf2e59b9bd8cc5f372969252fde2ca,t3,4,high,0.4251275568,0,0,0.4479318023,0.5748724432,high,0.6927072476
m2_oneway,2,29,9459f1cceef9869f5ee5d550f4d0153a7cdf2e59b9bd8cc5f372969252fde2ca,t5,7,high,0.7264512931,0,0,0.6629708171,0.2735487069,low,0.6927072476
m2_oneway,2,29,9459f1cceef9869f5ee5d550f4d0153a7cdf2e59b9bd8cc5f372969252fde2ca,t10,17,high,0.5036303138,0,0,0.5025147677,0.4963696862,low,0.6927072476
m2_oneway,2,29,9459f1cceef9869f5ee5d550f4d0153a7cdf2e59b9bd8cc5f372969252fde2ca,t20,37,high,0.3829156292,0,0,0.4181059003,0.6170843708,high,0.6927072476
m2_oneway,2,29,9459f1cceef9869f5ee5d550f4d0153a7cdf2e59b9bd8cc5f372969252fde2ca,full,37,high,0.3829156292,0,0,0.4181059003,0.6170843708,high,0.6927072476
m2_oneway,2,34,4d0345fde865563ce1b8a378bb4f763097083ca5ab32f7ddf46c2f6159f1dec2,t3,4,high,0.08748622403,0,0,0.1646256536,0.912513776,high,0.6927072476
m2_oneway,2,34,4d0345fde865563ce1b8a378bb4f763097083ca5ab32f7ddf46c2f6159f1dec2,t5,8,high,0.09229564958,0,0,0.1703039654,0.9077043504,high,0.6927072476
m2_oneway,2,34,4d0345fde865563ce1b8a378bb4f763097083ca5ab32f7ddf46c2f6159f1dec2,t10,18,high,0.06715427711,0,0,0.1391121238,0.9328457229,high,0.6927072476
m2_oneway,2,34,4d0345fde865563ce1b8a378bb4f763097083ca5ab32f7ddf46c2f6159f1dec2,t20,38,high,0.03386451158,0,0,0.08938087597,0.9661354884,high,0.6927072476
m2_oneway,2,34,4d0345fde865563ce1b8a378bb4f763097083ca5ab32f7ddf46c2f6159f1dec2,full,116,high,0.1565199401,0,0,0.2374405086,0.8434800599,high,0.6927072476
m2_oneway,2,36,a89e21c5a35df9846708875b550aedadb0962eeaf4b3c7f3348dec0322cd9dde,t3,4,high,0.6715716799,0,0,0.6214000523,0.3284283201,low,0.6927072476
m2_oneway,2,36,a89e21c5a35df9846708875b550aedadb0962eeaf4b3c7f3348dec0322cd9dde,t5,8,high,0.6138262221,0,0,0.5795721889,0.3861737779,low,0.6927072476
m2_oneway,2,36,a89e21c5a35df9846708875b550aedadb0962eeaf4b3c7f3348dec0322cd9dde,t10,18,high,0.3785383146,0,0,0.4149803072,0.6214616854,high,0.6927072476
m2_oneway,2,36,a89e21c5a35df9846708875b550aedadb0962eeaf4b3c7f3348dec0322cd9dde,t20,38,high,0.4119478641,0,0,0.4386734486,0.5880521359,high,0.6927072476
m2_oneway,2,36,a89e21c5a35df9846708875b550aedadb0962eeaf4b3c7f3348dec0322cd9dde,full,314,high,0.3254563417,0,0,0.3764014304,0.6745436583,high,0.6927072476
m2_oneway,2,38,f8b9c28f12c90d87138212f431c9300e394af58c1dc90d970ba183af36ca0387,t3,4,high,0.09463986813,0,0,0.1730292179,0.9053601319,high,0.6927072476
m2_oneway,2,38,f8b9c28f12c90d87138212f431c9300e394af58c1dc90d970ba183af36ca0387,t5,8,high,0.04741160847,0,0,0.1112199026,0.9525883915,high,0.6927072476
m2_oneway,2,38,f8b9c28f12c90d87138212f431c9300e394af58c1dc90d970ba183af36ca0387,t10,18,high,0.1311972693,0,0,0.2125699386,0.8688027307,high,0.6927072476
m2_oneway,2,38,f8b9c28f12c90d87138212f431c9300e394af58c1dc90d970ba183af36ca0387,t20,38,high,0.0969175961,0,0,0.1756517373,0.9030824039,high,0.6927072476
m2_oneway,2,38,f8b9c28f12c90d87138212f431c9300e394af58c1dc90d970ba183af36ca0387,full,93,high,0.2300798721,0,0,0.3022316158,0.7699201279,high,0.6927072476
m2_oneway,2,49,b34ee56525d88d8c5edbedc83cfaa246ebf13d655186bfb0a26192ae67847925,t3,4,high,0.1546770609,0,0,0.235685759,0.8453229391,high,0.6927072476
m2_oneway,2,49,b34ee56525d88d8c5edbedc83cfaa246ebf13d655186bfb0a26192ae67847925,t5,8,high,0.07565838348,0,0,0.1501092136,0.9243416165,high,0.6927072476
m2_oneway,2,49,b34ee56525d88d8c5edbedc83cfaa246ebf13d655186bfb0a26192ae67847925,t10,18,high,0.1737046765,0,0,0.253441073,0.8262953235,high,0.6927072476
m2_oneway,2,49,b34ee56525d88d8c5edbedc83cfaa246ebf13d655186bfb0a26192ae67847925,t20,38,high,0.295648427,0,0,0.3540363252,0.704351573,high,0.6927072476
m2_oneway,2,49,b34ee56525d88d8c5edbedc83cfaa246ebf13d655186bfb0a26192ae67847925,full,180,high,0.4607954833,0,0,0.4728137255,0.5392045167,high,0.6927072476
m2_oneway,2,51,27f7b9a233b232d09dc5463937c8150e848bebb9f9c3eac2cd6d18cd0a0a0663,t3,4,high,0.7690258605,0,0,0.6970314085,0.2309741395,low,0.6927072476
m2_oneway,2,51,27f7b9a233b232d09dc5463937c8150e848bebb9f9c3eac2cd6d18cd0a0a0663,t5,8,high,0.8097339845,0,0,0.7316943109,0.1902660155,low,0.6927072476
m2_oneway,2,51,27f7b9a233b232d09dc5463937c8150e848bebb9f9c3eac2cd6d18cd0a0a0663,full,14,high,0.6762800626,0,0,0.6248855174,0.3237199374,low,0.6927072476
m2_oneway,2,54,cab87913f73e8349723b3aa09815de16104f7e933d850478367538de727d8d66,t3,4,high,0.3797638333,0,0,0.4158561021,0.6202361667,high,0.6927072476
m2_oneway,2,54,cab87913f73e8349723b3aa09815de16104f7e933d850478367538de727d8d66,t5,8,high,0.3300381817,0,0,0.3797886714,0.6699618183,high,0.6927072476
m2_oneway,2,54,cab87913f73e8349723b3aa09815de16104f7e933d850478367538de727d8d66,t10,18,high,0.479787087,0,0,0.4859943986,0.520212913,high,0.6927072476
m2_oneway,2,54,cab87913f73e8349723b3aa09815de16104f7e933d850478367538de727d8d66,t20,38,high,0.4034112426,0,0,0.4326526225,0.5965887574,high,0.6927072476
m2_oneway,2,54,cab87913f73e8349723b3aa09815de16104f7e933d850478367538de727d8d66,full,40,high,0.4416974322,0,0,0.4595176458,0.5583025678,high,0.6927072476
m2_oneway,2,61,d18cd2cb8f3969cbf6af794d14828afbbd325bed84b28f6fb6cfa887be2c8b28,t3,4,high,0.3283124915,0,0,0.3785143614,0.6716875085,high,0.6927072476
m2_oneway,2,61,d18cd2cb8f3969cbf6af794d14828afbbd325bed84b28f6fb6cfa887be2c8b28,t5,8,high,0.2317027313,0,0,0.3035683051,0.7682972687,high,0.6927072476
m2_oneway,2,61,d18cd2cb8f3969cbf6af794d14828afbbd325bed84b28f6fb6cfa887be2c8b28,t10,18,high,0.08862328377,0,0,0.1659790441,0.9113767162,high,0.6927072476
m2_oneway,2,61,d18cd2cb8f3969cbf6af794d14828afbbd325bed84b28f6fb6cfa887be2c8b28,t20,38,high,0.1697755779,0,0,0.2498377442,0.8302244221,high,0.6927072476
m2_oneway,2,61,d18cd2cb8f3969cbf6af794d14828afbbd325bed84b28f6fb6cfa887be2c8b28,full,124,high,0.2758628342,0,0,0.3388292402,0.7241371658,high,0.6927072476
m2_oneway,2,63,f34b655729f9e067daf58741bbef87d6babc75e70cc02335a66a9a7f2a41110f,t3,4,high,0.771248403,0,0,0.6988648593,0.228751597,low,0.6927072476
m2_oneway,2,63,f34b655729f9e067daf58741bbef87d6babc75e70cc02335a66a9a7f2a41110f,t5,8,high,0.8578933232,0,0,0.776505959,0.1421066768,low,0.6927072476
m2_oneway,2,63,f34b655729f9e067daf58741bbef87d6babc75e70cc02335a66a9a7f2a41110f,t10,18,high,0.3889931911,0,0,0.422434032,0.6110068089,high,0.6927072476
m2_oneway,2,63,f34b655729f9e067daf58741bbef87d6babc75e70cc02335a66a9a7f2a41110f,t20,38,high,0.6273235006,0,0,0.5892167509,0.3726764994,low,0.6927072476
m2_oneway,2,63,f34b655729f9e067daf58741bbef87d6babc75e70cc02335a66a9a7f2a41110f,full,58,high,0.8433220054,0,0,0.7624093652,0.1566779946,low,0.6927072476
m2_oneway,2,76,ef2a499f1eb631d0fe82020b23b6b033d935130d3181bd0d4fd2f4fcd23925a8,t3,5,high,0.2298385666,0,0,0.302032584,0.7701614334,high,0.6927072476
m2_oneway,2,76,ef2a499f1eb631d0fe82020b23b6b033d935130d3181bd0d4fd2f4fcd23925a8,t5,9,high,0.0319482616,0,0,0.08604266336,0.9680517384,high,0.6927072476
m2_oneway,2,76,ef2a499f1eb631d0fe82020b23b6b033d935130d3181bd0d4fd2f4fcd23925a8,t10,19,high,0.1253038181,0,0,0.206521178,0.8746961819,high,0.6927072476
m2_oneway,2,76,ef2a499f1eb631d0fe82020b23b6b033d935130d3181bd0d4fd2f4fcd23925a8,t20,41,high,0.0624654652,0,0,0.1328150883,0.9375345348,high,0.6927072476
m2_oneway,2,76,ef2a499f1eb631d0fe82020b23b6b033d935130d3181bd0d4fd2f4fcd23925a8,full,67,high,0.1730501411,0,0,0.2528429568,0.8269498589,high,0.6927072476
m2_oneway,2,85,362ca8248798f8db4ad596d5ff5d5b21969fb1d0b5d6bc5479eb390815d04099,t3,4,high,0.08106939145,0,0,0.1568536311,0.9189306085,high,0.6927072476
m2_oneway,2,85,362ca8248798f8db4ad596d5ff5d5b21969fb1d0b5d6bc5479eb390815d04099,t5,8,high,0.09516212458,0,0,0.1736327149,0.9048378754,high,0.6927072476
m2_oneway,2,85,362ca8248798f8db4ad596d5ff5d5b21969fb1d0b5d6bc5479eb390815d04099,t10,18,high,0.3006047498,0,0,0.3577976853,0.6993952502,high,0.6927072476
m2_oneway,2,85,362ca8248798f8db4ad596d5ff5d5b21969fb1d0b5d6bc5479eb390815d04099,t20,38,high,0.1296065588,0,0,0.210947971,0.8703934412,high,0.6927072476
m2_oneway,2,85,362ca8248798f8db4ad596d5ff5d5b21969fb1d0b5d6bc5479eb390815d04099,full,130,high,0.4498704204,0,0,0.4652141064,0.5501295796,high,0.6927072476
m2_oneway,2,88,9bc4482343f7ed28b44b9319b09ff19b55a18cac47392ae5ffba13a1bbc7d262,t3,5,high,0.1340993594,0,0,0.2155094027,0.8659006406,high,0.6927072476
m2_oneway,2,88,9bc4482343f7ed28b44b9319b09ff19b55a18cac47392ae5ffba13a1bbc7d262,t5,9,high,0.1490826729,0,0,0.2303090155,0.8509173271,high,0.6927072476
m2_oneway,2,88,9bc4482343f7ed28b44b9319b09ff19b55a18cac47392ae5ffba13a1bbc7d262,t10,19,high,0.4875152841,0,0,0.4913508117,0.5124847159,high,0.6927072476
m2_oneway,2,88,9bc4482343f7ed28b44b9319b09ff19b55a18cac47392ae5ffba13a1bbc7d262,t20,39,high,0.4704459274,0,0,0.4795152605,0.5295540726,high,0.6927072476
m2_oneway,2,88,9bc4482343f7ed28b44b9319b09ff19b55a18cac47392ae5ffba13a1bbc7d262,full,67,high,0.2392591077,0,0,0.3097504675,0.7607408923,high,0.6927072476
m2_oneway,2,92,f2052231c80a312cdf52e119479c078cd5bcaf12bb92c3ed0366740e77e1ee5f,t3,4,low,0.5998845179,0,0,0.5696774602,0.4001154821,low,0.6927072476
m2_oneway,2,92,f2052231c80a312cdf52e119479c078cd5bcaf12bb92c3ed0366740e77e1ee5f,t5,8,low,0.9263313349,0,0,0.8524182916,0.07366866514,low,0.6927072476
m2_oneway,2,92,f2052231c80a312cdf52e119479c078cd5bcaf12bb92c3ed0366740e77e1ee5f,full,12,low,0.8399445077,0,0,0.7592150092,0.1600554923,low,0.6927072476
m2_oneway,2,107,987ebbea8e2f88d7ae24bb995fb1683cfcf43e60da1c73db60f86e9c6f759ec0,t3,4,high,0.5786291357,0,0,0.5547029078,0.4213708643,low,0.6927072476
m2_oneway,2,107,987ebbea8e2f88d7ae24bb995fb1683cfcf43e60da1c73db60f86e9c6f759ec0,t5,8,high,0.4355626307,0,0,0.4552343488,0.5644373693,high,0.6927072476
m2_oneway,2,107,987ebbea8e2f88d7ae24bb995fb1683cfcf43e60da1c73db60f86e9c6f759ec0,full,16,high,0.5096064742,0,0,0.5066549003,0.4903935258,low,0.6927072476
m2_oneway,2,113,43e3f532b331904b4b75e22e482cffcf7410e15e086662ebc1b0f2d324f2c640,t3,4,high,0.3707268678,0,0,0.4093842894,0.6292731322,high,0.6927072476
m2_oneway,2,113,43e3f532b331904b4b75e22e482cffcf7410e15e086662ebc1b0f2d324f2c640,t5,8,high,0.3212417306,0,0,0.3732745603,0.6787582694,high,0.6927072476
m2_oneway,2,113,43e3f532b331904b4b75e22e482cffcf7410e15e086662ebc1b0f2d324f2c640,t10,18,high,0.1731506363,0,0,0.2529348448,0.8268493637,high,0.6927072476
m2_oneway,2,113,43e3f532b331904b4b75e22e482cffcf7410e15e086662ebc1b0f2d324f2c640,t20,38,high,0.2586148369,0,0,0.3252944231,0.7413851631,high,0.6927072476
m2_oneway,2,113,43e3f532b331904b4b75e22e482cffcf7410e15e086662ebc1b0f2d324f2c640,full,48,high,0.4321661387,0,0,0.4528598994,0.5678338613,high,0.6927072476
m2_oneway,2,120,6138bfa37d6d45417e27c6225b1b5c3d451845f9afd2be1af047243d1934f16d,t3,4,high,0.3830083851,0,0,0.4181720555,0.6169916149,high,0.6927072476
m2_oneway,2,120,6138bfa37d6d45417e27c6225b1b5c3d451845f9afd2be1af047243d1934f16d,t5,8,high,0.6376133803,0,0,0.5966181755,0.3623866197,low,0.6927072476
m2_oneway,2,120,6138bfa37d6d45417e27c6225b1b5c3d451845f9afd2be1af047243d1934f16d,t10,18,high,0.4374202083,0,0,0.4565320253,0.5625797917,high,0.6927072476
m2_oneway,2,120,6138bfa37d6d45417e27c6225b1b5c3d451845f9afd2be1af047243d1934f16d,full,30,high,0.3648718018,0,0,0.4051735163,0.6351281982,high,0.6927072476
m2_oneway,2,126,3d9bb96a31d14f722edff4380172cc0eda5a2e2aab8847223fead188adfe3bae,t3,4,low,0.8439862165,0,0,0.7630406499,0.1560137835,low,0.6927072476
m2_oneway,2,126,3d9bb96a31d14f722edff4380172cc0eda5a2e2aab8847223fead188adfe3bae,t5,8,low,0.8385176618,0,0,0.7578732848,0.1614823382,low,0.6927072476
m2_oneway,2,126,3d9bb96a31d14f722edff4380172cc0eda5a2e2aab8847223fead188adfe3bae,t10,17,low,0.9088618512,0,0,0.831051755,0.09113814881,low,0.6927072476
m2_oneway,2,126,3d9bb96a31d14f722edff4380172cc0eda5a2e2aab8847223fead188adfe3bae,t20,36,low,0.9462318556,0,0,0.8793776989,0.05376814443,low,0.6927072476
m2_oneway,2,126,3d9bb96a31d14f722edff4380172cc0eda5a2e2aab8847223fead188adfe3bae,full,63,low,0.8177709077,0,0,0.7388449073,0.1822290923,low,0.6927072476
m2_oneway,2,129,b43f9bef2ea9be7d5c83147f704d1ec9e88508b7c90558944b551a63d6646376,t3,5,high,0.08554936382,0,0,0.1623041913,0.9144506362,high,0.6927072476
m2_oneway,2,129,b43f9bef2ea9be7d5c83147f704d1ec9e88508b7c90558944b551a63d6646376,t5,9,high,0.1092497597,0,0,0.1894487709,0.8907502403,high,0.6927072476
m2_oneway,2,129,b43f9bef2ea9be7d5c83147f704d1ec9e88508b7c90558944b551a63d6646376,t10,19,high,0.13714275,0,0,0.2185654625,0.86285725,high,0.6927072476
m2_oneway,2,129,b43f9bef2ea9be7d5c83147f704d1ec9e88508b7c90558944b551a63d6646376,full,35,high,0.1579816226,0,0,0.2388266668,0.8420183774,high,0.6927072476
m2_oneway,3,7,7fe3d6029ec1e666f41b728458a973e8e2e6924c09046427a23859dcc7b3d75a,t3,4,high,0.4987184413,0,0,0.4979949236,0.5012815587,high,1.564565703
m2_oneway,3,7,7fe3d6029ec1e666f41b728458a973e8e2e6924c09046427a23859dcc7b3d75a,t5,8,high,0.3185520963,0,0,0.2333039008,0.6814479037,high,1.564565703
m2_oneway,3,7,7fe3d6029ec1e666f41b728458a973e8e2e6924c09046427a23859dcc7b3d75a,t10,18,high,0.2854682648,0,0,0.1922457092,0.7145317352,high,1.564565703
m2_oneway,3,7,7fe3d6029ec1e666f41b728458a973e8e2e6924c09046427a23859dcc7b3d75a,t20,38,high,0.2956603683,0,0,0.2045460001,0.7043396317,high,1.564565703
m2_oneway,3,7,7fe3d6029ec1e666f41b728458a973e8e2e6924c09046427a23859dcc7b3d75a,full,64,high,0.4344433535,0,0,0.3982777774,0.5655566465,high,1.564565703
m2_oneway,3,16,9ae9ab57ccb2a6caf3db84ad0a088385a92d25754e445de6f502929913bf21cd,t3,4,high,0.290284554,0,0,0.1980184227,0.709715446,high,1.564565703
m2_oneway,3,16,9ae9ab57ccb2a6caf3db84ad0a088385a92d25754e445de6f502929913bf21cd,t5,8,high,0.308588939,0,0,0.2205999851,0.691411061,high,1.564565703
m2_oneway,3,16,9ae9ab57ccb2a6caf3db84ad0a088385a92d25754e445de6f502929913bf21cd,t10,18,high,0.2825595211,0,0,0.1887943119,0.7174404789,high,1.564565703
m2_oneway,3,16,9ae9ab57ccb2a6caf3db84ad0a088385a92d25754e445de6f502929913bf21cd,full,22,high,0.2785719556,0,0,0.1841060745,0.7214280444,high,1.564565703
m2_oneway,3,24,a4713e0a14bb0ef918e89ea267520b745394edf49df0b6e3b5925085b1fca54d,t3,4,high,0.4241770395,0,0,0.3826752573,0.5758229605,high,1.564565703
m2_oneway,3,24,a4713e0a14bb0ef918e89ea267520b745394edf49df0b6e3b5925085b1fca54d,t5,8,high,0.369168665,0,0,0.3018991232,0.630831335,high,1.564565703
m2_oneway,3,24,a4713e0a14bb0ef918e89ea267520b745394edf49df0b6e3b5925085b1fca54d,t10,18,high,0.4832717834,0,0,0.4738417387,0.5167282166,high,1.564565703
m2_oneway,3,24,a4713e0a14bb0ef918e89ea267520b745394edf49df0b6e3b5925085b1fca54d,full,20,high,0.621027891,0,0,0.6841176212,0.378972109,low,1.564565703
m2_oneway,3,31,c06b9cd1fff25ad6609a4acc440947729eaae556a777669d2c7b83c20f9f8885,t3,4,high,0.6481951665,0,0,0.7223462939,0.3518048335,low,1.564565703
m2_oneway,3,31,c06b9cd1fff25ad6609a4acc440947729eaae556a777669d2c7b83c20f9f8885,t5,8,high,0.7201312809,0,0,0.8143748164,0.2798687191,low,1.564565703
m2_oneway,3,31,c06b9cd1fff25ad6609a4acc440947729eaae556a777669d2c7b83c20f9f8885,t10,18,high,0.516779374,0,0,0.5262381703,0.483220626,low,1.564565703
m2_oneway,3,31,c06b9cd1fff25ad6609a4acc440947729eaae556a777669d2c7b83c20f9f8885,t20,38,high,0.4730292576,0,0,0.4578616932,0.5269707424,high,1.564565703
m2_oneway,3,31,c06b9cd1fff25ad6609a4acc440947729eaae556a777669d2c7b83c20f9f8885,full,54,high,0.5487755703,0,0,0.5759633601,0.4512244297,low,1.564565703
m2_oneway,3,32,8def61f50369c2308d6acc3ec8575794a2970d0f6375eaa51ca8e7e37abccdfd,t3,4,low,0.7334840122,0,0,0.8297592282,0.2665159878,low,1.564565703
m2_oneway,3,32,8def61f50369c2308d6acc3ec8575794a2970d0f6375eaa51ca8e7e37abccdfd,t5,8,low,0.7779314097,0,0,0.8766866565,0.2220685903,low,1.564565703
m2_oneway,3,32,8def61f50369c2308d6acc3ec8575794a2970d0f6375eaa51ca8e7e37abccdfd,full,10,low,0.7377021185,0,0,0.834498918,0.2622978815,low,1.564565703
m2_oneway,3,33,f76617e906c5e2b96661cf362ca553b76fbb23756e161cf3e0bc86585f03b1a8,t3,4,high,0.3299538213,0,0,0.2481825761,0.6700461787,high,1.564565703
m2_oneway,3,33,f76617e906c5e2b96661cf362ca553b76fbb23756e161cf3e0bc86585f03b1a8,t5,8,high,0.4400018136,0,0,0.4067776978,0.5599981864,high,1.564565703
m2_oneway,3,33,f76617e906c5e2b96661cf362ca553b76fbb23756e161cf3e0bc86585f03b1a8,t10,18,high,0.2597458707,0,0,0.162661954,0.7402541293,high,1.564565703
m2_oneway,3,33,f76617e906c5e2b96661cf362ca553b76fbb23756e161cf3e0bc86585f03b1a8,t20,38,high,0.2661148843,0,0,0.1697875611,0.7338851157,high,1.564565703
m2_oneway,3,33,f76617e906c5e2b96661cf362ca553b76fbb23756e161cf3e0bc86585f03b1a8,full,76,high,0.3668884091,0,0,0.2986761749,0.6331115909,high,1.564565703
m2_oneway,3,35,9365283497184f82bb514f2ae669c6ec302a1cd4c49f1b9426e48aca0e39eedc,t3,4,high,0.3622674449,0,0,0.2921802334,0.6377325551,high,1.564565703
m2_oneway,3,35,9365283497184f82bb514f2ae669c6ec302a1cd4c49f1b9426e48aca0e39eedc,t5,8,high,0.2995060228,0,0,0.2092693538,0.7004939772,high,1.564565703
m2_oneway,3,35,9365283497184f82bb514f2ae669c6ec302a1cd4c49f1b9426e48aca0e39eedc,t10,18,high,0.2522909054,0,0,0.1544923067,0.7477090946,high,1.564565703
m2_oneway,3,35,9365283497184f82bb514f2ae669c6ec302a1cd4c49f1b9426e48aca0e39eedc,full,34,high,0.2932748787,0,0,0.201638538,0.7067251213,high,1.564565703
m2_oneway,3,37,9ae9ab57ccb2a6caf3db84ad0a088385a92d25754e445de6f502929913bf21cd,t3,4,high,0.412829052,0,0,0.3655932397,0.587170948,high,1.564565703
m2_oneway,3,37,9ae9ab57ccb2a6caf3db84ad0a088385a92d25754e445de6f502929913bf21cd,t5,8,high,0.4648075364,0,0,0.4450704783,0.5351924636,high,1.564565703
m2_oneway,3,37,9ae9ab57ccb2a6caf3db84ad0a088385a92d25754e445de6f502929913bf21cd,t10,18,high,0.3243545868,0,0,0.2408313714,0.6756454132,high,1.564565703
m2_oneway,3,37,9ae9ab57ccb2a6caf3db84ad0a088385a92d25754e445de6f502929913bf21cd,t20,38,high,0.2739543026,0,0,0.1787401434,0.7260456974,high,1.564565703
m2_oneway,3,37,9ae9ab57ccb2a6caf3db84ad0a088385a92d25754e445de6f502929913bf21cd,full,40,high,0.3263779669,0,0,0.2434780538,0.6736220331,high,1.564565703
m2_oneway,3,42,c6f859e97a85d2be55de346ee03396c3284ef33ad2a850cbf47dcf6a86c54f6c,t3,5,high,0.238788296,0,0,0.1401729271,0.761211704,high,1.564565703
m2_oneway,3,42,c6f859e97a85d2be55de346ee03396c3284ef33ad2a850cbf47dcf6a86c54f6c,t5,9,high,0.2485031452,0,0,0.1504128814,0.7514968548,high,1.564565703
m2_oneway,3,42,c6f859e97a85d2be55de346ee03396c3284ef33ad2a850cbf47dcf6a86c54f6c,full,13,high,0.2564818745,0,0,0.1590622148,0.7435181255,high,1.564565703
m2_oneway,3,48,c6f859e97a85d2be55de346ee03396c3284ef33ad2a850cbf47dcf6a86c54f6c,t3,5,high,0.3617167292,0,0,0.291409272,0.6382832708,high,1.564565703
m2_oneway,3,48,c6f859e97a85d2be55de346ee03396c3284ef33ad2a850cbf47dcf6a86c54f6c,t5,9,high,0.3769874443,0,0,0.3130352721,0.6230125557,high,1.564565703
m2_oneway,3,48,c6f859e97a85d2be55de346ee03396c3284ef33ad2a850cbf47dcf6a86c54f6c,t10,19,high,0.2917460018,0,0,0.1997842431,0.7082539982,high,1.564565703
m2_oneway,3,48,c6f859e97a85d2be55de346ee03396c3284ef33ad2a850cbf47dcf6a86c54f6c,full,27,high,0.3158112816,0,0,0.2297809538,0.6841887184,high,1.564565703
m2_oneway,3,52,5f94f96b5558bc44bec41fbfff63a95635edebf6436cf0d7b71bc93bc7e01771,t3,4,high,0.5930784417,0,0,0.6432232559,0.4069215583,low,1.564565703
m2_oneway,3,52,5f94f96b5558bc44bec41fbfff63a95635edebf6436cf0d7b71bc93bc7e01771,t5,8,high,0.6631089095,0,0,0.7425934315,0.3368910905,low,1.564565703
m2_oneway,3,52,5f94f96b5558bc44bec41fbfff63a95635edebf6436cf0d7b71bc93bc7e01771,t10,18,high,0.4904020666,0,0,0.4849860728,0.5095979334,high,1.564565703
m2_oneway,3,52,5f94f96b5558bc44bec41fbfff63a95635edebf6436cf0d7b71bc93bc7e01771,full,28,high,0.5941196262,0,0,0.6447713971,0.4058803738,low,1.564565703
m2_oneway,3,56,994bc72760dcfe7fa4dcb4204fd49276c86f3b5d7563bd03968bb98375e50059,t3,4,high,0.4023470833,0,0,0.3499882318,0.5976529167,high,1.564565703
m2_oneway,3,56,994bc72760dcfe7fa4dcb4204fd49276c86f3b5d7563bd03968bb98375e50059,t5,8,high,0.2430156654,0,0,0.1445891505,0.7569843346,high,1.564565703
m2_oneway,3,56,994bc72760dcfe7fa4dcb4204fd49276c86f3b5d7563bd03968bb98375e50059,t10,18,high,0.2223979843,0,0,0.1236360393,0.7776020157,high,1.564565703
m2_oneway,3,56,994bc72760dcfe7fa4dcb4204fd49276c86f3b5d7563bd03968bb98375e50059,t20,38,high,0.3361357454,0,0,0.256396113,0.6638642546,high,1.564565703
m2_oneway,3,56,994bc72760dcfe7fa4dcb4204fd49276c86f3b5d7563bd03968bb98375e50059,full,174,high,0.4172275404,0,0,0.3721923053,0.5827724596,high,1.564565703
m2_oneway,3,57,c7b0ae9d845b01af28904a49c113db9419434a3a9dc695cbcca773c7377fa099,t3,4,low,0.7516272257,0,0,0.849726665,0.2483727743,low,1.564565703
m2_oneway,3,57,c7b0ae9d845b01af28904a49c113db9419434a3a9dc695cbcca773c7377fa099,t5,8,low,0.7737542375,0,0,0.8725661159,0.2262457625,low,1.564565703
m2_oneway,3,57,c7b0ae9d845b01af28904a49c113db9419434a3a9dc695cbcca773c7377fa099,t10,18,low,0.6341741592,0,0,0.7028217614,0.3658258408,low,1.564565703
m2_oneway,3,57,c7b0ae9d845b01af28904a49c113db9419434a3a9dc695cbcca773c7377fa099,full,18,low,0.6341741592,0,0,0.7028217614,0.3658258408,low,1.564565703
m2_oneway,3,60,1bde13dd287e1e51682c574ddf4bc7a1b95d777f9e1d189232f7bf3f72b39469,t3,5,high,0.2384836572,0,0,0.1398570515,0.7615163428,high,1.564565703
m2_oneway,3,60,1bde13dd287e1e51682c574ddf4bc7a1b95d777f9e1d189232f7bf3f72b39469,t5,9,high,0.2244148374,0,0,0.1256202217,0.7755851626,high,1.564565703
m2_oneway,3,60,1bde13dd287e1e51682c574ddf4bc7a1b95d777f9e1d189232f7bf3f72b39469,t10,19,high,0.4590957855,0,0,0.4362088576,0.5409042145,high,1.564565703
m2_oneway,3,60,1bde13dd287e1e51682c574ddf4bc7a1b95d777f9e1d189232f7bf3f72b39469,t20,39,high,0.4646593988,0,0,0.4448403716,0.5353406012,high,1.564565703
m2_oneway,3,60,1bde13dd287e1e51682c574ddf4bc7a1b95d777f9e1d189232f7bf3f72b39469,full,93,high,0.4584296128,0,0,0.4351768076,0.5415703872,high,1.564565703
m2_oneway,3,64,d6e67deba46d308b643a1107909d71a35621984b374efe6ed5b28181298c665a,t3,4,high,0.3628922948,0,0,0.2930558115,0.6371077052,high,1.564565703
m2_oneway,3,64,d6e67deba46d308b643a1107909d71a35621984b374efe6ed5b28181298c665a,t5,8,high,0.3756599844,0,0,0.3111354992,0.6243400156,high,1.564565703
m2_oneway,3,64,d6e67deba46d308b643a1107909d71a35621984b374efe6ed5b28181298c665a,t10,18,high,0.2991602438,0,0,0.2088428386,0.7008397562,high,1.564565703
m2_oneway,3,64,d6e67deba46d308b643a1107909d71a35621984b374efe6ed5b28181298c665a,t20,38,high,0.2960277399,0,0,0.2049952909,0.7039722601,high,1.564565703
m2_oneway,3,64,d6e67deba46d308b643a1107909d71a35621984b374efe6ed5b28181298c665a,full,260,high,0.3680553241,0,0,0.3003240854,0.6319446759,high,1.564565703
m2_oneway,3,72,8a19d0092e222e0168b0240040c7abec5af97377d5f1b3c74d02604cebab64d6,t3,4,low,0.4044313509,0,0,0.3530769929,0.5955686491,high,1.564565703
m2_oneway,3,72,8a19d0092e222e0168b0240040c7abec5af97377d5f1b3c74d02604cebab64d6,t5,8,low,0.3868995945,0,0,0.3273337618,0.6131004055,high,1.564565703
m2_oneway,3,72,8a19d0092e222e0168b0240040c7abec5af97377d5f1b3c74d02604cebab64d6,t10,18,low,0.3728971458,0,0,0.3071933359,0.6271028542,high,1.564565703
m2_oneway,3,72,8a19d0092e222e0168b0240040c7abec5af97377d5f1b3c74d02604cebab64d6,full,30,low,0.4225370015,0,0,0.3801953286,0.5774629985,high,1.564565703
m2_oneway,3,83,9ae9ab57ccb2a6caf3db84ad0a088385a92d25754e445de6f502929913bf21cd,t3,4,high,0.438031202,0,0,0.4037603393,0.561968798,high,1.564565703
m2_oneway,3,83,9ae9ab57ccb2a6caf3db84ad0a088385a92d25754e445de6f502929913bf21cd,t5,8,high,0.3922043555,0,0,0.335064517,0.6077956445,high,1.564565703
m2_oneway,3,83,9ae9ab57ccb2a6caf3db84ad0a088385a92d25754e445de6f502929913bf21cd,t10,18,high,0.2979511763,0,0,0.2073542833,0.7020488237,high,1.564565703
m2_oneway,3,83,9ae9ab57ccb2a6caf3db84ad0a088385a92d25754e445de6f502929913bf21cd,t20,38,high,0.4258711996,0,0,0.3852407947,0.5741288004,high,1.564565703
m2_oneway,3,83,9ae9ab57ccb2a6caf3db84ad0a088385a92d25754e445de6f502929913bf21cd,full,126,high,0.3163473619,0,0,0.2304683469,0.6836526381,high,1.564565703
m2_oneway,3,86,1eedaddcb6cc7541fe6072dba97705385a99667255dae60b62dce68c593bc746,t3,5,high,0.2180944515,0,0,0.1194502527,0.7819055485,high,1.564565703
m2_oneway,3,86,1eedaddcb6cc7541fe6072dba97705385a99667255dae60b62dce68c593bc746,t5,9,high,0.2552955121,0,0,0.1577626161,0.7447044879,high,1.564565703
m2_oneway,3,86,1eedaddcb6cc7541fe6072dba97705385a99667255dae60b62dce68c593bc746,t10,19,high,0.2700922298,0,0,0.1743047819,0.7299077702,high,1.564565703
m2_oneway,3,86,1eedaddcb6cc7541fe6072dba97705385a99667255dae60b62dce68c593bc746,t20,39,high,0.2465465439,0,0,0.1483246338,0.7534534561,high,1.564565703
m2_oneway,3,86,1eedaddcb6cc7541fe6072dba97705385a99667255dae60b62dce68c593bc746,full,39,high,0.2465465439,0,0,0.1483246338,0.7534534561,high,1.564565703
m2_oneway,3,95,3196e70c78ec00c569890feff5903b9fd6de1c082f2dcc65de331a676356154b,t3,4,high,0.2728812153,0,0,0.1775029421,0.7271187847,high,1.564565703
m2_oneway,3,95,3196e70c78ec00c569890feff5903b9fd6de1c082f2dcc65de331a676356154b,t5,8,high,0.2262643068,0,0,0.1274523139,0.7737356932,high,1.564565703
m2_oneway,3,95,3196e70c78ec00c569890feff5903b9fd6de1c082f2dcc65de331a676356154b,t10,18,high,0.2060976967,0,0,0.1081297174,0.7939023033,high,1.564565703
m2_oneway,3,95,3196e70c78ec00c569890feff5903b9fd6de1c082f2dcc65de331a676356154b,full,34,high,0.439281008,0,0,0.4056735277,0.560718992,high,1.564565703
m2_oneway,3,99,ead3029c1627ceed0bb1941b02d180790ac40d9339381ab591d89b54e95afa5d,t3,4,high,0.4865609662,0,0,0.4789810777,0.5134390338,high,1.564565703
m2_oneway,3,99,ead3029c1627ceed0bb1941b02d180790ac40d9339381ab591d89b54e95afa5d,t5,8,high,0.5839209632,0,0,0.6295335591,0.4160790368,low,1.564565703
m2_oneway,3,99,ead3029c1627ceed0bb1941b02d180790ac40d9339381ab591d89b54e95afa5d,t10,18,high,0.6033268128,0,0,0.6583826005,0.3966731872,low,1.564565703
m2_oneway,3,99,ead3029c1627ceed0bb1941b02d180790ac40d9339381ab591d89b54e95afa5d,full,32,high,0.5477291026,0,0,0.5743480414,0.4522708974,low,1.564565703
m2_oneway,3,105,cbe435389c7fde7dbf7f3f0b08fa24b91bd68569ba4a59eda4fcca3b686eaf60,t3,4,high,0.4197736687,0,0,0.3760251716,0.5802263313,high,1.564565703
m2_oneway,3,105,cbe435389c7fde7dbf7f3f0b08fa24b91bd68569ba4a59eda4fcca3b686eaf60,t5,8,high,0.3010074307,0,0,0.2111254707,0.6989925693,high,1.564565703
m2_oneway,3,105,cbe435389c7fde7dbf7f3f0b08fa24b91bd68569ba4a59eda4fcca3b686eaf60,t10,18,high,0.282349534,0,0,0.1885461763,0.717650466,high,1.564565703
m2_oneway,3,105,cbe435389c7fde7dbf7f3f0b08fa24b91bd68569ba4a59eda4fcca3b686eaf60,t20,38,high,0.33047843,0,0,0.2488756597,0.66952157,high,1.564565703
m2_oneway,3,105,cbe435389c7fde7dbf7f3f0b08fa24b91bd68569ba4a59eda4fcca3b686eaf60,full,48,high,0.3536184817,0,0,0.2801533327,0.6463815183,high,1.564565703
m2_oneway,3,110,7664ea81b7e714b0d5433004c1fca3512bd7bdabfbe3dd63273d79180fe6d6fa,t3,4,high,0.3001297065,0,0,0.2100395661,0.6998702935,high,1.564565703
m2_oneway,3,110,7664ea81b7e714b0d5433004c1fca3512bd7bdabfbe3dd63273d79180fe6d6fa,t5,8,high,0.3123968218,0,0,0.2254218906,0.6876031782,high,1.564565703
m2_oneway,3,110,7664ea81b7e714b0d5433004c1fca3512bd7bdabfbe3dd63273d79180fe6d6fa,t10,18,high,0.2259920425,0,0,0.1271818534,0.7740079575,high,1.564565703
m2_oneway,3,110,7664ea81b7e714b0d5433004c1fca3512bd7bdabfbe3dd63273d79180fe6d6fa,t20,38,high,0.2138549022,0,0,0.115390949,0.7861450978,high,1.564565703
m2_oneway,3,110,7664ea81b7e714b0d5433004c1fca3512bd7bdabfbe3dd63273d79180fe6d6fa,full,100,high,0.2177044383,0,0,0.1190741524,0.7822955617,high,1.564565703
m2_oneway,3,114,8def61f50369c2308d6acc3ec8575794a2970d0f6375eaa51ca8e7e37abccdfd,t3,4,high,0.525841403,0,0,0.540378505,0.474158597,low,1.564565703
m2_oneway,3,114,8def61f50369c2308d6acc3ec8575794a2970d0f6375eaa51ca8e7e37abccdfd,t5,8,high,0.6313538303,0,0,0.6988403857,0.3686461697,low,1.564565703
m2_oneway,3,114,8def61f50369c2308d6acc3ec8575794a2970d0f6375eaa51ca8e7e37abccdfd,t10,18,high,0.6423191997,0,0,0.7142194867,0.3576808003,low,1.564565703
m2_oneway,3,114,8def61f50369c2308d6acc3ec8575794a2970d0f6375eaa51ca8e7e37abccdfd,full,22,high,0.6237294707,0,0,0.687991184,0.3762705293,low,1.564565703
m2_oneway,3,117,b2f1766eb28ea153bd66a13147bee8bb6a783a480a2a5415efd24621d784865e,t3,4,high,0.3584544829,0,0,0.2868566215,0.6415455171,high,1.564565703
m2_oneway,3,117,b2f1766eb28ea153bd66a13147bee8bb6a783a480a2a5415efd24621d784865e,t5,8,high,0.3035450672,0,0,0.2142778717,0.6964549328,high,1.564565703
m2_oneway,3,117,b2f1766eb28ea153bd66a13147bee8bb6a783a480a2a5415efd24621d784865e,t10,18,high,0.2638395545,0,0,0.1672266141,0.7361604455,high,1.564565703
m2_oneway,3,117,b2f1766eb28ea153bd66a13147bee8bb6a783a480a2a5415efd24621d784865e,t20,38,high,0.3192333852,0,0,0.2341828793,0.6807666148,high,1.564565703
m2_oneway,3,117,b2f1766eb28ea153bd66a13147bee8bb6a783a480a2a5415efd24621d784865e,full,92,high,0.3473403046,0,0,0.2715344839,0.6526596954,high,1.564565703
m2_oneway,3,125,274c2b3cb88d91281fac0ca18e5fa0decdb86ce5b51d6bb1e988f442e09ee829,t3,5,high,0.2840971186,0,0,0.1906154633,0.7159028814,high,1.564565703
m2_oneway,3,125,274c2b3cb88d91281fac0ca18e5fa0decdb86ce5b51d6bb1e988f442e09ee829,full,5,high,0.2840971186,0,0,0.1906154633,0.7159028814,high,1.564565703
m2_oneway,3,128,6f2a5802d3ab371a696939846b2162129bfa30f9a0e371d8fe476564da770b8b,t3,5,high,0.700088305,0,0,0.7902297974,0.299911695,low,1.564565703
m2_oneway,3,128,6f2a5802d3ab371a696939846b2162129bfa30f9a0e371d8fe476564da770b8b,t5,9,high,0.6532947124,0,0,0.7293319225,0.3467052876,low,1.564565703
m2_oneway,3,128,6f2a5802d3ab371a696939846b2162129bfa30f9a0e371d8fe476564da770b8b,t10,19,high,0.2317317359,0,0,0.1329384588,0.7682682641,high,1.564565703
m2_oneway,3,128,6f2a5802d3ab371a696939846b2162129bfa30f9a0e371d8fe476564da770b8b,full,33,high,0.4919589475,0,0,0.4874208152,0.5080410525,high,1.564565703
m2_oneway,3,130,957962b55a53a08db5f378e511817642230cbd4d6d1cf4d43dd6a4b63131ccc1,t3,5,low,0.772988356,0,0,0.8718039632,0.227011644,low,1.564565703
m2_oneway,3,130,957962b55a53a08db5f378e511817642230cbd4d6d1cf4d43dd6a4b63131ccc1,t5,9,low,0.6404929966,0,0,0.7116772056,0.3595070034,low,1.564565703
m2_oneway,3,130,957962b55a53a08db5f378e511817642230cbd4d6d1cf4d43dd6a4b63131ccc1,t10,19,low,0.4369599182,0,0,0.4021217987,0.5630400818,high,1.564565703
m2_oneway,3,130,957962b55a53a08db5f378e511817642230cbd4d6d1cf4d43dd6a4b63131ccc1,full,21,low,0.5861289235,0,0,0.6328460157,0.4138710765,low,1.564565703
m2_oneway,3,133,0db9538e9215952f48324bd5b01c66c9eb8ea9adc87245da9db1df8c42a6ab8c,t3,4,high,0.2858128174,0,0,0.1926562928,0.7141871826,high,1.564565703
m2_oneway,3,133,0db9538e9215952f48324bd5b01c66c9eb8ea9adc87245da9db1df8c42a6ab8c,t5,8,high,0.2718243976,0,0,0.1762881219,0.7281756024,high,1.564565703
m2_oneway,3,133,0db9538e9215952f48324bd5b01c66c9eb8ea9adc87245da9db1df8c42a6ab8c,t10,18,high,0.2798275147,0,0,0.1855768323,0.7201724853,high,1.564565703
m2_oneway,3,133,0db9538e9215952f48324bd5b01c66c9eb8ea9adc87245da9db1df8c42a6ab8c,t20,38,high,0.2849528819,0,0,0.1916322477,0.7150471181,high,1.564565703
m2_oneway,3,133,0db9538e9215952f48324bd5b01c66c9eb8ea9adc87245da9db1df8c42a6ab8c,full,380,high,0.3074723181,0,0,0.2191939726,0.6925276819,high,1.564565703
m2_oneway,4,0,0975c479310c006373f337dd0ad7a1b5438b2d205e3489d9920c6e86e5fdbc46,t3,4,high,0.8088025423,0,0,0.8515950084,0.1911974577,low,1.211418546
m2_oneway,4,0,0975c479310c006373f337dd0ad7a1b5438b2d205e3489d9920c6e86e5fdbc46,t5,8,high,0.8344097156,0,0,0.876437223,0.1655902844,low,1.211418546
m2_oneway,4,0,0975c479310c006373f337dd0ad7a1b5438b2d205e3489d9920c6e86e5fdbc46,t10,18,high,0.5510881734,0,0,0.5617884517,0.4489118266,low,1.211418546
m2_oneway,4,0,0975c479310c006373f337dd0ad7a1b5438b2d205e3489d9920c6e86e5fdbc46,t20,38,high,0.5909710305,0,0,0.6096351922,0.4090289695,low,1.211418546
m2_oneway,4,0,0975c479310c006373f337dd0ad7a1b5438b2d205e3489d9920c6e86e5fdbc46,full,52,high,0.4786860528,0,0,0.4741872013,0.5213139472,high,1.211418546
m2_oneway,4,1,d824fbb44e854e98bdec49929ed132bd2f214eb9a16c2247f40b049e74673714,t3,4,high,0.5750638833,0,0,0.5906142771,0.4249361167,low,1.211418546
m2_oneway,4,1,d824fbb44e854e98bdec49929ed132bd2f214eb9a16c2247f40b049e74673714,t5,8,high,0.6319509289,0,0,0.6581109762,0.3680490711,low,1.211418546
m2_oneway,4,1,d824fbb44e854e98bdec49929ed132bd2f214eb9a16c2247f40b049e74673714,t10,18,high,0.4853287061,0,0,0.4822293073,0.5146712939,high,1.211418546
m2_oneway,4,1,d824fbb44e854e98bdec49929ed132bd2f214eb9a16c2247f40b049e74673714,full,36,high,0.503917465,0,0,0.5047456443,0.496082535,low,1.211418546
m2_oneway,4,3,e660b6010195823ff8abb7f5ac22b3e84ad23e55b4bfe23f84e74aa932c77d9a,t3,5,high,0.5767278091,0,0,0.5926082611,0.4232721909,low,1.211418546
m2_oneway,4,3,e660b6010195823ff8abb7f5ac22b3e84ad23e55b4bfe23f84e74aa932c77d9a,t5,9,high,0.511752271,0,0,0.5142356932,0.488247729,low,1.211418546
m2_oneway,4,3,e660b6010195823ff8abb7f5ac22b3e84ad23e55b4bfe23f84e74aa932c77d9a,full,15,high,0.4360355444,0,0,0.4227099508,0.5639644556,high,1.211418546
m2_oneway,4,6,384b0ba2da0f7a1aaf92176857f6b862b243c54a44b1a60ad1512e22fb6d4f57,t3,4,high,0.2662464931,0,0,0.2265182983,0.7337535069,high,1.211418546
m2_oneway,4,6,384b0ba2da0f7a1aaf92176857f6b862b243c54a44b1a60ad1512e22fb6d4f57,t5,8,high,0.3701546219,0,0,0.3443578362,0.6298453781,high,1.211418546
m2_oneway,4,6,384b0ba2da0f7a1aaf92176857f6b862b243c54a44b1a60ad1512e22fb6d4f57,t10,18,high,0.611241729,0,0,0.6337199688,0.388758271,low,1.211418546
m2_oneway,4,6,384b0ba2da0f7a1aaf92176857f6b862b243c54a44b1a60ad1512e22fb6d4f57,t20,38,high,0.2847565703,0,0,0.246809338,0.7152434297,high,1.211418546
m2_oneway,4,6,384b0ba2da0f7a1aaf92176857f6b862b243c54a44b1a60ad1512e22fb6d4f57,full,52,high,0.2781188642,0,0,0.2394922167,0.7218811358,high,1.211418546
m2_oneway,4,9,bd6bdeca4d4d58b93dcd52052f780fcb2ab8a2a77ef89be9ded9271136bf1260,t3,4,low,0.5042032374,0,0,0.5050918236,0.4957967626,low,1.211418546
m2_oneway,4,9,bd6bdeca4d4d58b93dcd52052f780fcb2ab8a2a77ef89be9ded9271136bf1260,t5,8,low,0.6147393497,0,0,0.6378557444,0.3852606503,low,1.211418546
m2_oneway,4,9,bd6bdeca4d4d58b93dcd52052f780fcb2ab8a2a77ef89be9ded9271136bf1260,t10,18,low,0.7131636183,0,0,0.750888896,0.2868363817,low,1.211418546
m2_oneway,4,9,bd6bdeca4d4d58b93dcd52052f780fcb2ab8a2a77ef89be9ded9271136bf1260,full,26,low,0.7224616527,0,0,0.7611455917,0.2775383473,low,1.211418546
m2_oneway,4,12,d751de9a9d281b7d8f3a57160f2880d8a6bb4d189690de0f7d7f2b033ad650a4,t3,4,high,0.6298717574,0,0,0.6556731105,0.3701282426,low,1.211418546
m2_oneway,4,12,d751de9a9d281b7d8f3a57160f2880d8a6bb4d189690de0f7d7f2b033ad650a4,t5,8,high,0.400855377,0,0,0.3806307435,0.599144623,high,1.211418546
m2_oneway,4,12,d751de9a9d281b7d8f3a57160f2880d8a6bb4d189690de0f7d7f2b033ad650a4,t10,16,high,0.561503672,0,0,0.5743309617,0.438496328,low,1.211418546
m2_oneway,4,12,d751de9a9d281b7d8f3a57160f2880d8a6bb4d189690de0f7d7f2b033ad650a4,t20,36,high,0.674493475,0,0,0.7073637605,0.325506525,low,1.211418546
m2_oneway,4,12,d751de9a9d281b7d8f3a57160f2880d8a6bb4d189690de0f7d7f2b033ad650a4,full,50,high,0.519990578,0,0,0.5242109239,0.480009422,low,1.211418546
m2_oneway,4,19,e660b6010195823ff8abb7f5ac22b3e84ad23e55b4bfe23f84e74aa932c77d9a,t3,4,high,0.4501030731,0,0,0.439647764,0.5498969269,high,1.211418546
m2_oneway,4,19,e660b6010195823ff8abb7f5ac22b3e84ad23e55b4bfe23f84e74aa932c77d9a,t5,8,high,0.1375215496,0,0,0.09759825244,0.8624784504,high,1.211418546
m2_oneway,4,19,e660b6010195823ff8abb7f5ac22b3e84ad23e55b4bfe23f84e74aa932c77d9a,full,16,high,0.3369215452,0,0,0.3057248771,0.6630784548,high,1.211418546
m2_oneway,4,23,56c65c573eb4b7bbca1e8a62ea910f474527ca7cc22d0832f7b8985143579c47,t3,4,high,0.4391973771,0,0,0.4265123606,0.5608026229,high,1.211418546
m2_oneway,4,23,56c65c573eb4b7bbca1e8a62ea910f474527ca7cc22d0832f7b8985143579c47,t5,8,high,0.1150667708,0,0,0.07789528444,0.8849332292,high,1.211418546
m2_oneway,4,23,56c65c573eb4b7bbca1e8a62ea910f474527ca7cc22d0832f7b8985143579c47,t10,18,high,0.1954029056,0,0,0.152581723,0.8045970944,high,1.211418546
m2_oneway,4,23,56c65c573eb4b7bbca1e8a62ea910f474527ca7cc22d0832f7b8985143579c47,t20,38,high,0.09978152539,0,0,0.06508861035,0.9002184746,high,1.211418546
m2_oneway,4,23,56c65c573eb4b7bbca1e8a62ea910f474527ca7cc22d0832f7b8985143579c47,full,78,high,0.3439576741,0,0,0.3138413921,0.6560423259,high,1.211418546
m2_oneway,4,30,0b66f0012a6499ae22a3ba3ea556348c4d65f1f039265ec21e4ad82aba2b5dab,t3,4,high,0.2099197067,0,0,0.1671968259,0.7900802933,high,1.211418546
m2_oneway,4,30,0b66f0012a6499ae22a3ba3ea556348c4d65f1f039265ec21e4ad82aba2b5dab,t5,8,high,0.701125285,0,0,0.7374836802,0.298874715,low,1.211418546
m2_oneway,4,30,0b66f0012a6499ae22a3ba3ea556348c4d65f1f039265ec21e4ad82aba2b5dab,t10,18,high,0.4111321024,0,0,0.3928740248,0.5888678976,high,1.211418546
m2_oneway,4,30,0b66f0012a6499ae22a3ba3ea556348c4d65f1f039265ec21e4ad82aba2b5dab,full,28,high,0.5175200205,0,0,0.5212200165,0.4824799795,low,1.211418546
m2_oneway,4,39,ba4f78fc596e7483b05f73b0a4f0c57215df572dab1d75cba29cf1873022b267,t3,4,high,0.2978762921,0,0,0.2613993198,0.7021237079,high,1.211418546
m2_oneway,4,39,ba4f78fc596e7483b05f73b0a4f0c57215df572dab1d75cba29cf1873022b267,t5,8,high,0.2155103009,0,0,0.1729042172,0.7844896991,high,1.211418546
m2_oneway,4,39,ba4f78fc596e7483b05f73b0a4f0c57215df572dab1d75cba29cf1873022b267,t10,18,high,0.4711158992,0,0,0.4650274634,0.5288841008,high,1.211418546
m2_oneway,4,39,ba4f78fc596e7483b05f73b0a4f0c57215df572dab1d75cba29cf1873022b267,t20,38,high,0.5780938796,0,0,0.5942445874,0.4219061204,low,1.211418546
m2_oneway,4,39,ba4f78fc596e7483b05f73b0a4f0c57215df572dab1d75cba29cf1873022b267,full,71,high,0.6276289503,0,0,0.6530405164,0.3723710497,low,1.211418546
m2_oneway,4,40,e660b6010195823ff8abb7f5ac22b3e84ad23e55b4bfe23f84e74aa932c77d9a,t3,5,high,0.3183421126,0,0,0.2844740927,0.6816578874,high,1.211418546
m2_oneway,4,40,e660b6010195823ff8abb7f5ac22b3e84ad23e55b4bfe23f84e74aa932c77d9a,t5,9,high,0.3416905733,0,0,0.3112222552,0.6583094267,high,1.211418546
m2_oneway,4,40,e660b6010195823ff8abb7f5ac22b3e84ad23e55b4bfe23f84e74aa932c77d9a,t10,19,high,0.1509439952,0,0,0.1098394752,0.8490560048,high,1.211418546
m2_oneway,4,40,e660b6010195823ff8abb7f5ac22b3e84ad23e55b4bfe23f84e74aa932c77d9a,full,19,high,0.1509439952,0,0,0.1098394752,0.8490560048,high,1.211418546
m2_oneway,4,41,298f1741927a10b95fab08a2419835f2d89a49ade874c77e541bf480e574fcca,t3,4,high,0.4230880324,0,0,0.4071711093,0.5769119676,high,1.211418546
m2_oneway,4,41,298f1741927a10b95fab08a2419835f2d89a49ade874c77e541bf480e574fcca,t5,8,high,0.276390148,0,0,0.2375939146,0.723609852,high,1.211418546
m2_oneway,4,41,298f1741927a10b95fab08a2419835f2d89a49ade874c77e541bf480e574fcca,t10,18,high,0.1345805502,0,0,0.09496096372,0.8654194498,high,1.211418546
m2_oneway,4,41,298f1741927a10b95fab08a2419835f2d89a49ade874c77e541bf480e574fcca,t20,39,high,0.1661736673,0,0,0.1241169751,0.8338263327,high,1.211418546
m2_oneway,4,41,298f1741927a10b95fab08a2419835f2d89a49ade874c77e541bf480e574fcca,full,83,high,0.2282190398,0,0,0.1860344469,0.7717809602,high,1.211418546
m2_oneway,4,45,256a5ceb1fe87b9f23a66a55206039faf214b9b926fbe72aba2fd158983b62bf,t3,4,high,0.1482284974,0,0,0.1073363945,0.8517715026,high,1.211418546
m2_oneway,4,45,256a5ceb1fe87b9f23a66a55206039faf214b9b926fbe72aba2fd158983b62bf,t5,8,high,0.06366961342,0,0,0.03709012009,0.9363303866,high,1.211418546
m2_oneway,4,45,256a5ceb1fe87b9f23a66a55206039faf214b9b926fbe72aba2fd158983b62bf,t10,18,high,0.2604907247,0,0,0.2202830225,0.7395092753,high,1.211418546
m2_oneway,4,45,256a5ceb1fe87b9f23a66a55206039faf214b9b926fbe72aba2fd158983b62bf,t20,38,high,0.4394507777,0,0,0.4268172204,0.5605492223,high,1.211418546
m2_oneway,4,45,256a5ceb1fe87b9f23a66a55206039faf214b9b926fbe72aba2fd158983b62bf,full,50,high,0.5508029254,0,0,0.5614445746,0.4491970746,low,1.211418546
m2_oneway,4,50,e660b6010195823ff8abb7f5ac22b3e84ad23e55b4bfe23f84e74aa932c77d9a,t3,5,high,0.5115952558,0,0,0.5140455306,0.4884047442,low,1.211418546
m2_oneway,4,50,e660b6010195823ff8abb7f5ac22b3e84ad23e55b4bfe23f84e74aa932c77d9a,t5,9,high,0.4607259316,0,0,0.4524684161,0.5392740684,high,1.211418546
m2_oneway,4,50,e660b6010195823ff8abb7f5ac22b3e84ad23e55b4bfe23f84e74aa932c77d9a,t10,19,high,0.4343874172,0,0,0.420729059,0.5656125828,high,1.211418546
m2_oneway,4,50,e660b6010195823ff8abb7f5ac22b3e84ad23e55b4bfe23f84e74aa932c77d9a,t20,39,high,0.3910694521,0,0,0.3690163016,0.6089305479,high,1.211418546
m2_oneway,4,50,e660b6010195823ff8abb7f5ac22b3e84ad23e55b4bfe23f84e74aa932c77d9a,full,49,high,0.3970763248,0,0,0.3761402249,0.6029236752,high,1.211418546
m2_oneway,4,58,952764ee08a98895af51812c4985a51b674914b70701d789dc4ff497ab2cd741,t3,4,high,0.359960538,0,0,0.3324301451,0.640039462,high,1.211418546
m2_oneway,4,58,952764ee08a98895af51812c4985a51b674914b70701d789dc4ff497ab2cd741,t5,8,high,0.3525490155,0,0,0.3237995476,0.6474509845,high,1.211418546
m2_oneway,4,58,952764ee08a98895af51812c4985a51b674914b70701d789dc4ff497ab2cd741,t10,18,high,0.310655382,0,0,0.2757644206,0.689344618,high,1.211418546
m2_oneway,4,58,952764ee08a98895af51812c4985a51b674914b70701d789dc4ff497ab2cd741,t20,38,high,0.3543447961,0,0,0.325887388,0.6456552039,high,1.211418546
m2_oneway,4,58,952764ee08a98895af51812c4985a51b674914b70701d789dc4ff497ab2cd741,full,99,high,0.4408843393,0,0,0.4285422325,0.5591156607,high,1.211418546
m2_oneway,4,59,57e7316fb6c2aea7f22af2debf992411f162fb23b99f26e20ca9917a22800b28,t3,4,low,0.8841172628,0,0,0.9214067459,0.1158827372,low,1.211418546
m2_oneway,4,59,57e7316fb6c2aea7f22af2debf992411f162fb23b99f26e20ca9917a22800b28,full,4,low,0.8841172628,0,0,0.9214067459,0.1158827372,low,1.211418546
m2_oneway,4,62,f8e9ffc7e0ffb6235d54b1268168a35dda2087b04f0eb23655d9033041e4895d,t3,4,high,0.4974884018,0,0,0.4969574153,0.5025115982,high,1.211418546
m2_oneway,4,62,f8e9ffc7e0ffb6235d54b1268168a35dda2087b04f0eb23655d9033041e4895d,t5,8,high,0.4007305886,0,0,0.3804823577,0.5992694114,high,1.211418546
m2_oneway,4,62,f8e9ffc7e0ffb6235d54b1268168a35dda2087b04f0eb23655d9033041e4895d,t10,17,high,0.5299546813,0,0,0.5362673581,0.4700453187,low,1.211418546
m2_oneway,4,62,f8e9ffc7e0ffb6235d54b1268168a35dda2087b04f0eb23655d9033041e4895d,t20,37,high,0.658211607,0,0,0.6886648118,0.341788393,low,1.211418546
m2_oneway,4,62,f8e9ffc7e0ffb6235d54b1268168a35dda2087b04f0eb23655d9033041e4895d,full,45,high,0.386285577,0,0,0.3633555323,0.613714423,high,1.211418546
m2_oneway,4,68,86e764296ae0d3f82d5181fcf23d71b68aa16bec297d30d24b66814a0222bec9,t3,4,high,0.5335397369,0,0,0.5406021655,0.4664602631,low,1.211418546
m2_oneway,4,68,86e764296ae0d3f82d5181fcf23d71b68aa16bec297d30d24b66814a0222bec9,t5,8,high,0.5715236526,0,0,0.5863686919,0.4284763474,low,1.211418546
m2_oneway,4,68,86e764296ae0d3f82d5181fcf23d71b68aa16bec297d30d24b66814a0222bec9,t10,18,high,0.224944065,0,0,0.1826305687,0.775055935,high,1.211418546
m2_oneway,4,68,86e764296ae0d3f82d5181fcf23d71b68aa16bec297d30d24b66814a0222bec9,t20,38,high,0.3573551266,0,0,0.3293920964,0.6426448734,high,1.211418546
m2_oneway,4,68,86e764296ae0d3f82d5181fcf23d71b68aa16bec297d30d24b66814a0222bec9,full,203,high,0.4713225642,0,0,0.4652774334,0.5286774358,high,1.211418546
m2_oneway,4,73,e553658a13d5730f215fe7abaa4ffcafffebacc2a2c811523c5848785b07feb6,t3,5,high,0.3403042509,0,0,0.3096224904,0.6596957491,high,1.211418546
m2_oneway,4,73,e553658a13d5730f215fe7abaa4ffcafffebacc2a2c811523c5848785b07feb6,t5,9,high,0.3749248449,0,0,0.3499606669,0.6250751551,high,1.211418546
m2_oneway,4,73,e553658a13d5730f215fe7abaa4ffcafffebacc2a2c811523c5848785b07feb6,t10,19,high,0.1341236147,0,0,0.09455270171,0.8658763853,high,1.211418546
m2_oneway,4,73,e553658a13d5730f215fe7abaa4ffcafffebacc2a2c811523c5848785b07feb6,full,25,high,0.1042699026,0,0,0.06879521459,0.8957300974,high,1.211418546
m2_oneway,4,89,a66012a80d34bfaefbf35c783b0cb519be49ffe11837f13fda441b6fe3ddf21a,t3,4,high,0.5700917205,0,0,0.584650296,0.4299082795,low,1.211418546
m2_oneway,4,89,a66012a80d34bfaefbf35c783b0cb519be49ffe11837f13fda441b6fe3ddf21a,t5,8,high,0.5318385598,0,0,0.5385454476,0.4681614402,low,1.211418546
m2_oneway,4,89,a66012a80d34bfaefbf35c783b0cb519be49ffe11837f13fda441b6fe3ddf21a,t10,18,high,0.4183252426,0,0,0.4014692813,0.5816747574,high,1.211418546
m2_oneway,4,89,a66012a80d34bfaefbf35c783b0cb519be49ffe11837f13fda441b6fe3ddf21a,t20,38,high,0.5338788838,0,0,0.5410121411,0.4661211162,low,1.211418546
m2_oneway,4,89,a66012a80d34bfaefbf35c783b0cb519be49ffe11837f13fda441b6fe3ddf21a,full,44,high,0.551307021,0,0,0.5620522678,0.448692979,low,1.211418546
m2_oneway,4,98,5223588a92753ef83373d79e22184bdfc746798fd2eec43f6e0d811eb386d59c,t3,4,high,0.5719804538,0,0,0.5869167387,0.4280195462,low,1.211418546
m2_oneway,4,98,5223588a92753ef83373d79e22184bdfc746798fd2eec43f6e0d811eb386d59c,t5,8,high,0.3511246726,0,0,0.322145094,0.6488753274,high,1.211418546
m2_oneway,4,98,5223588a92753ef83373d79e22184bdfc746798fd2eec43f6e0d811eb386d59c,t10,18,high,0.5756136144,0,0,0.5912731588,0.4243863856,low,1.211418546
m2_oneway,4,98,5223588a92753ef83373d79e22184bdfc746798fd2eec43f6e0d811eb386d59c,t20,38,high,0.5372473763,0,0,0.5450831354,0.4627526237,low,1.211418546
m2_oneway,4,98,5223588a92753ef83373d79e22184bdfc746798fd2eec43f6e0d811eb386d59c,full,393,high,0.4082779854,0,0,0.38946926,0.5917220146,high,1.211418546
m2_oneway,4,100,bdb51e8336d8c2a0de850780446afe2818d0b4eeee21137a9bc817eff040e3c0,t3,4,high,0.21538813,0,0,0.1727790378,0.78461187,high,1.211418546
m2_oneway,4,100,bdb51e8336d8c2a0de850780446afe2818d0b4eeee21137a9bc817eff040e3c0,t5,8,high,0.3692837686,0,0,0.3433364183,0.6307162314,high,1.211418546
m2_oneway,4,100,bdb51e8336d8c2a0de850780446afe2818d0b4eeee21137a9bc817eff040e3c0,t10,18,high,0.4344729374,0,0,0.4208318263,0.5655270626,high,1.211418546
m2_oneway,4,100,bdb51e8336d8c2a0de850780446afe2818d0b4eeee21137a9bc817eff040e3c0,t20,38,high,0.3151073422,0,0,0.2808027282,0.6848926578,high,1.211418546
m2_oneway,4,100,bdb51e8336d8c2a0de850780446afe2818d0b4eeee21137a9bc817eff040e3c0,full,281,high,0.4941701355,0,0,0.4929377437,0.5058298645,high,1.211418546
m2_oneway,4,103,e660b6010195823ff8abb7f5ac22b3e84ad23e55b4bfe23f84e74aa932c77d9a,t3,4,high,0.2765828012,0,0,0.2378053144,0.7234171988,high,1.211418546
m2_oneway,4,103,e660b6010195823ff8abb7f5ac22b3e84ad23e55b4bfe23f84e74aa932c77d9a,t5,8,high,0.2495033114,0,0,0.2084835559,0.7504966886,high,1.211418546
m2_oneway,4,103,e660b6010195823ff8abb7f5ac22b3e84ad23e55b4bfe23f84e74aa932c77d9a,full,16,high,0.1211452857,0,0,0.08312831148,0.8788547143,high,1.211418546
m2_oneway,4,112,3a6ec6cf0cccb2db4bc4eb1d6583b28f6dc8816b49e0ae8aaa6a06484645efac,t3,4,high,0.6937662926,0,0,0.7292225778,0.3062337074,low,1.211418546
m2_oneway,4,112,3a6ec6cf0cccb2db4bc4eb1d6583b28f6dc8816b49e0ae8aaa6a06484645efac,t5,8,high,0.2355598695,0,0,0.1937139496,0.7644401305,high,1.211418546
m2_oneway,4,112,3a6ec6cf0cccb2db4bc4eb1d6583b28f6dc8816b49e0ae8aaa6a06484645efac,t10,18,high,0.3107608028,0,0,0.2758835286,0.6892391972,high,1.211418546
m2_oneway,4,112,3a6ec6cf0cccb2db4bc4eb1d6583b28f6dc8816b49e0ae8aaa6a06484645efac,t20,38,high,0.1030700023,0,0,0.06779981405,0.8969299977,high,1.211418546
m2_oneway,4,112,3a6ec6cf0cccb2db4bc4eb1d6583b28f6dc8816b49e0ae8aaa6a06484645efac,full,64,high,0.4769696045,0,0,0.4721097767,0.5230303955,high,1.211418546
m2_oneway,4,122,e553658a13d5730f215fe7abaa4ffcafffebacc2a2c811523c5848785b07feb6,t3,5,high,0.2772076979,0,0,0.2384912819,0.7227923021,high,1.211418546
m2_oneway,4,122,e553658a13d5730f215fe7abaa4ffcafffebacc2a2c811523c5848785b07feb6,t5,9,high,0.2368135452,0,0,0.1950322255,0.7631864548,high,1.211418546
m2_oneway,4,122,e553658a13d5730f215fe7abaa4ffcafffebacc2a2c811523c5848785b07feb6,t10,19,high,0.2501669652,0,0,0.2091923177,0.7498330348,high,1.211418546
m2_oneway,4,122,e553658a13d5730f215fe7abaa4ffcafffebacc2a2c811523c5848785b07feb6,full,25,high,0.3608709857,0,0,0.3334928006,0.6391290143,high,1.211418546
m2_oneway,4,124,4f828f23a69a02612b535ecc3b578f0a9ef09ead831878c8330854912886c5a7,t3,5,high,0.1008536181,0,0,0.06596977785,0.8991463819,high,1.211418546
m2_oneway,4,124,4f828f23a69a02612b535ecc3b578f0a9ef09ead831878c8330854912886c5a7,t5,9,high,0.1768006625,0,0,0.1343102336,0.8231993375,high,1.211418546
m2_oneway,4,124,4f828f23a69a02612b535ecc3b578f0a9ef09ead831878c8330854912886c5a7,t10,19,high,0.5669285325,0,0,0.5808520079,0.4330714675,low,1.211418546
m2_oneway,4,124,4f828f23a69a02612b535ecc3b578f0a9ef09ead831878c8330854912886c5a7,t20,39,high,0.5498495015,0,0,0.5602950513,0.4501504985,low,1.211418546
m2_oneway,4,124,4f828f23a69a02612b535ecc3b578f0a9ef09ead831878c8330854912886c5a7,full,53,high,0.4834524532,0,0,0.4799574167,0.5165475468,high,1.211418546
m2_oneway,4,132,95bf0f1bedb8e4250b3f6ee2dd241da6f07f8e65d2fc1c27c4c900116b2d104c,t3,4,high,0.6335658325,0,0,0.6600026906,0.3664341675,low,1.211418546
m2_oneway,4,132,95bf0f1bedb8e4250b3f6ee2dd241da6f07f8e65d2fc1c27c4c900116b2d104c,t5,8,high,0.7458862437,0,0,0.7865820646,0.2541137563,low,1.211418546
m2_oneway,4,132,95bf0f1bedb8e4250b3f6ee2dd241da6f07f8e65d2fc1c27c4c900116b2d104c,t10,18,high,0.6422559676,0,0,0.6701546967,0.3577440324,low,1.211418546
m2_oneway,4,132,95bf0f1bedb8e4250b3f6ee2dd241da6f07f8e65d2fc1c27c4c900116b2d104c,t20,38,high,0.602369862,0,0,0.6232021093,0.397630138,low,1.211418546
m2_oneway,4,132,95bf0f1bedb8e4250b3f6ee2dd241da6f07f8e65d2fc1c27c4c900116b2d104c,full,38,high,0.602369862,0,0,0.6232021093,0.397630138,low,1.211418546
